name,w,h,mean,std,p1,p99,dark,bright,block_std,block_min,block_max,lap_var,noise,edge,road_mean,road_std,road_lap
China_MotorBike_002159,512,512,206.28,16.79,170.00,244.00,0.00,30.19,9.25,191.14,223.84,1766.16,7.25,3.66,202.22,16.31,2534.77
China_MotorBike_002209,512,512,136.39,28.63,62.00,226.00,0.52,3.36,11.76,119.84,166.48,4.47,0.30,0.18,130.48,24.48,4.93
India_002374,720,720,139.19,76.30,43.00,255.00,0.44,28.14,70.45,52.23,254.83,192.64,0.83,1.83,74.67,21.97,187.73
Japan_000107,600,600,106.15,87.49,1.00,246.00,22.65,28.53,73.38,39.04,239.67,2339.05,3.71,12.32,53.60,22.91,2654.49
Japan_000156,600,600,109.26,65.54,21.00,255.00,7.59,14.24,51.40,58.25,239.71,6.37,0.26,0.63,93.31,24.62,6.08
Japan_001959,1024,1024,122.55,54.00,14.00,252.00,5.50,6.06,9.22,110.24,139.14,16963.61,20.33,37.20,118.29,52.19,16167.47
Japan_010993,600,600,90.31,77.37,1.00,255.00,28.56,13.73,55.78,27.53,235.22,2932.75,4.76,19.65,81.26,48.54,1452.77
Japan_013055,600,600,135.34,92.24,0.00,254.00,16.29,41.17,73.89,47.71,248.43,1941.27,3.07,11.43,68.42,48.39,2417.62
Norway_008315,4040,2035,107.23,44.35,22.00,198.00,6.71,0.11,29.21,50.48,175.04,3.45,0.26,0.04,109.65,27.88,3.47
Norway_009625,3650,2044,80.53,85.59,6.00,255.00,50.04,16.58,68.78,20.06,253.86,63.84,0.44,1.11,57.13,47.16,40.28
United_States_004830,640,640,145.43,60.02,31.00,250.00,2.68,17.33,47.22,54.50,219.57,3558.63,8.33,11.86,154.57,70.93,2737.09
United_States_004952,640,640,129.60,34.29,32.00,192.00,2.23,0.35,22.33,77.96,166.12,3.63,0.24,0.12,120.09,30.04,4.53
United_States_005996,640,640,140.22,60.77,40.00,254.00,0.94,11.70,44.94,65.79,207.44,2123.84,3.95,7.27,106.68,61.48,2372.51
