dataset,condition,group,attempted_n,success_n,skipped_n,failed_n,gray_mean_n,mean_gray_mean,gray_std_n,mean_gray_std,block_mean_std_4x4_n,mean_block_mean_std_4x4,saturation_ratio_n,mean_saturation_ratio,dark_ratio_n,mean_dark_ratio,bright_ratio_n,mean_bright_ratio,hsv_v_mean_n,mean_hsv_v_mean,laplacian_variance_n,mean_laplacian_variance,noise_sigma_n,mean_noise_sigma,preprocessing_ms_n,mean_preprocessing_ms
RDD2020,P0_reference,all,804,804,0,0,804,102.86367184771417,804,38.48157516313682,804,22.657314510566753,804,0.009189493627029347,804,0.10704972506187578,804,0.02559952878335804,804,108.01759870506987,804,394.3192470610962,804,1.2862972061694111,804,3.0406465177012745
RDD2020,P0_reference,blur,119,119,0,0,119,98.8663119308087,119,29.37526251578589,119,18.720304817244926,119,0.010206286646738774,119,0.14333091864064962,119,0.004546542127593225,119,102.21211805263488,119,26.48668711839063,119,0.31020407149671675,119,2.6882369753106365
RDD2020,P0_reference,local_illumination,43,43,0,0,43,126.86950918531005,43,61.732445211099034,43,49.154679744913075,43,0.04768888935472095,43,0.09802715458231241,43,0.11959366396174576,43,134.54217597547841,43,435.0936514024616,43,1.6007698968281863,43,3.53346511668818
RDD2020,P0_reference,normal,643,643,0,0,643,102.04764511717417,643,38.65885438047351,643,21.67096394934693,643,0.006717115667930294,643,0.10108597351203115,643,0.02318514625490552,643,107.36459635851645,643,459.0895347958102,643,1.4442467558473404,643,3.0707814932122255
RDD2020,P1,all,804,804,0,0,804,120.43314273214081,804,36.41530864627858,804,22.23169494693733,804,0.005042255590238237,804,0.05339749810879365,804,0.031184723352980073,804,125.44610494311728,804,96.98952689490835,804,0.4680204039899184,804,4.064805472817125
RDD2020,P1,blur,119,119,0,0,119,116.24004586804814,119,29.276947827816166,119,18.97136327115919,119,0.00740155452439765,119,0.06886198540695575,119,0.00880327945997735,119,119.46399993255359,119,11.379699001572376,119,0.2665503086502232,119,3.8436966383988196
RDD2020,P1,local_illumination,43,43,0,0,43,142.0416160321064,43,57.277159731602,43,46.148948343049156,43,0.04244502476901697,43,0.05672609047781136,43,0.13312995801838648,43,149.47275348969654,43,85.47027253248056,43,0.4574763407884989,43,4.426727906278291
RDD2020,P1,normal,643,643,0,0,643,119.80416120744988,643,36.39967364916712,643,21.30095278282227,643,0.0023913931312062953,643,0.05054270948755282,643,0.028477445395689284,643,124.98307329654922,643,113.4703025167988,643,0.5055937133853123,643,4.081175272459089
RDD2020,P1+,all,804,804,0,0,804,122.56991824857906,804,42.923172060132586,804,16.450571559667644,804,0.0028954376067908613,804,0.04382597646799078,804,0.0335073700521519,804,127.58660276656299,804,314.19674202024686,804,0.7718395929488575,804,11.640458085034268
RDD2020,P1+,blur,119,119,0,0,119,119.48828426329028,119,35.51949071774032,119,16.50206991766162,119,2.638231806394433e-05,119,0.05203942691578584,119,0.015061097986557904,119,122.78990094801959,119,57.680995039676155,119,0.3732666145561593,119,26.436932773467255
RDD2020,P1+,local_illumination,43,43,0,0,43,136.31340353767698,43,56.800928675766905,43,35.010173842001834,43,0.033976447842088475,43,0.04801718360474929,43,0.10954634268698628,43,143.65683865282506,43,241.34001555664355,43,0.7156982235429503,43,9.162776744762045
RDD2020,P1+,normal,643,643,0,0,643,122.24298312679102,643,43.405424934708435,643,15.26374306146528,643,0.001343398262520122,643,0.04227033632547721,643,0.03180184625863123,643,127.41819813721033,643,366.0873643777299,643,0.8485503447625296,643,9.083127994229727
