name,country,n,mean,dark,bright,block_std,lap,noise,sat
China_Drone_000035.jpg,China_Drone,2,139.16,0.00,0.09,7.32,227.49,0.93,0.00
China_Drone_000041.jpg,China_Drone,0,165.01,0.00,0.01,5.41,53.65,0.56,0.00
China_Drone_000209.jpg,China_Drone,2,159.99,0.00,0.01,4.23,40.06,0.57,0.00
China_Drone_000211.jpg,China_Drone,4,171.60,0.00,0.12,6.39,20.12,0.44,0.00
China_Drone_000228.jpg,China_Drone,2,175.89,0.00,0.00,1.99,118.97,0.90,0.00
China_Drone_000230.jpg,China_Drone,2,103.31,0.14,0.00,16.65,469.07,1.84,0.00
China_Drone_000297.jpg,China_Drone,2,101.21,1.19,0.38,26.79,887.17,2.39,0.00
China_Drone_000308.jpg,China_Drone,2,174.59,0.00,1.36,6.17,66.80,0.62,0.00
China_Drone_000327.jpg,China_Drone,0,148.51,0.00,2.47,14.99,208.35,0.82,0.01
China_Drone_000350.jpg,China_Drone,0,140.01,1.62,10.30,25.29,321.21,1.31,0.74
China_Drone_000474.jpg,China_Drone,5,183.90,0.00,0.13,2.45,23.46,0.45,0.00
China_Drone_000525.jpg,China_Drone,2,112.49,0.00,0.01,14.47,912.54,3.35,0.00
China_Drone_000590.jpg,China_Drone,1,159.74,0.00,0.02,4.95,29.06,0.45,0.00
China_Drone_000680.jpg,China_Drone,0,157.01,0.00,0.29,7.58,125.33,0.72,0.00
China_Drone_000692.jpg,China_Drone,1,149.54,0.16,0.05,36.45,251.66,1.02,0.00
China_Drone_000701.jpg,China_Drone,0,186.76,0.00,4.34,4.89,125.84,0.63,0.00
China_Drone_000723.jpg,China_Drone,0,129.80,0.00,0.00,6.98,170.66,1.09,0.00
China_Drone_000743.jpg,China_Drone,1,119.44,0.00,2.40,22.45,375.02,1.27,0.00
China_Drone_000785.jpg,China_Drone,1,137.75,0.00,0.84,19.88,715.10,1.71,0.00
China_Drone_000790.jpg,China_Drone,1,134.22,0.00,0.01,3.80,2110.15,6.09,0.00
China_Drone_000823.jpg,China_Drone,5,124.25,0.36,0.78,26.55,439.88,1.58,0.00
China_Drone_000826.jpg,China_Drone,1,196.82,0.00,5.50,6.00,72.57,0.74,0.00
China_Drone_000923.jpg,China_Drone,0,151.56,0.00,0.00,23.56,127.95,0.92,0.00
China_Drone_001040.jpg,China_Drone,4,161.14,0.00,0.00,5.25,34.96,0.53,0.00
China_Drone_001041.jpg,China_Drone,2,156.18,9.38,2.22,32.23,157.65,0.56,9.38
China_Drone_001057.jpg,China_Drone,1,140.50,0.00,0.00,8.56,186.88,0.90,0.00
China_Drone_001198.jpg,China_Drone,1,134.24,0.00,0.00,2.68,62.31,0.65,0.00
China_Drone_001327.jpg,China_Drone,1,161.19,0.00,4.96,10.21,57.85,0.63,0.00
China_Drone_001368.jpg,China_Drone,2,138.80,0.00,0.85,6.72,321.07,1.62,0.00
China_Drone_001406.jpg,China_Drone,1,143.28,0.00,0.55,12.52,1621.50,4.54,0.00
China_Drone_001473.jpg,China_Drone,1,158.41,0.48,0.74,21.16,961.67,2.09,0.00
China_Drone_001501.jpg,China_Drone,1,153.06,0.00,0.06,18.94,229.40,1.06,0.00
China_Drone_001560.jpg,China_Drone,0,166.96,0.00,0.00,3.98,22.61,0.43,0.00
China_Drone_001615.jpg,China_Drone,0,152.67,10.16,1.07,30.68,235.89,0.34,9.70
China_Drone_001669.jpg,China_Drone,1,131.34,0.00,0.65,27.11,162.89,0.89,0.00
China_Drone_001708.jpg,China_Drone,1,150.51,0.00,0.14,8.64,38.96,0.48,0.00
China_Drone_001824.jpg,China_Drone,1,143.57,0.00,2.47,5.96,1417.50,4.75,0.00
China_Drone_001846.jpg,China_Drone,1,148.45,0.00,0.00,3.15,35.02,0.47,0.00
China_Drone_001888.jpg,China_Drone,3,166.64,0.00,0.63,8.56,166.12,0.86,0.00
China_Drone_001958.jpg,China_Drone,0,127.70,0.00,0.00,5.97,86.02,0.72,0.00
China_Drone_002093.jpg,China_Drone,1,89.79,0.10,0.00,15.79,949.45,3.66,0.00
China_Drone_002097.jpg,China_Drone,0,156.36,0.00,0.04,3.73,22.67,0.42,0.00
China_Drone_002278.jpg,China_Drone,0,161.31,0.31,1.19,15.69,134.70,0.95,0.00
China_MotorBike_000017.jpg,China_MotorBike,3,157.22,0.00,1.58,17.67,7701.50,16.69,0.01
China_MotorBike_000067.jpg,China_MotorBike,3,153.63,0.00,4.73,13.24,3815.78,9.44,0.01
China_MotorBike_000083.jpg,China_MotorBike,1,153.06,0.00,1.60,10.74,18023.90,29.62,0.03
China_MotorBike_000094.jpg,China_MotorBike,2,155.13,0.00,2.35,22.80,5358.18,11.88,0.00
China_MotorBike_000129.jpg,China_MotorBike,1,153.25,0.00,2.77,6.61,19310.69,29.19,0.05
China_MotorBike_000172.jpg,China_MotorBike,2,154.96,0.02,0.75,19.32,4034.48,10.46,0.01
China_MotorBike_000239.jpg,China_MotorBike,3,152.76,0.00,7.13,11.95,11340.67,21.04,0.02
China_MotorBike_000250.jpg,China_MotorBike,1,151.41,0.22,1.25,9.81,9945.60,19.84,0.05
China_MotorBike_000255.jpg,China_MotorBike,1,155.82,0.05,0.33,21.63,3476.55,9.26,0.00
China_MotorBike_000265.jpg,China_MotorBike,1,149.27,0.03,4.79,10.94,10100.04,20.37,0.01
China_MotorBike_000323.jpg,China_MotorBike,2,149.35,0.01,2.41,10.88,10003.21,18.88,0.01
China_MotorBike_000480.jpg,China_MotorBike,3,157.46,0.00,1.50,12.03,7808.97,17.21,0.05
China_MotorBike_000541.jpg,China_MotorBike,1,148.98,0.02,1.28,11.94,9249.64,18.92,0.07
China_MotorBike_000549.jpg,China_MotorBike,3,140.60,2.20,1.45,26.30,12592.02,23.27,0.02
China_MotorBike_000553.jpg,China_MotorBike,4,142.73,0.61,4.12,16.86,9189.12,18.44,0.02
China_MotorBike_000567.jpg,China_MotorBike,3,141.62,0.02,1.54,13.90,10641.40,19.68,0.01
China_MotorBike_000600.jpg,China_MotorBike,4,148.80,0.00,2.35,6.90,15134.99,26.02,0.05
China_MotorBike_000607.jpg,China_MotorBike,1,150.36,0.00,2.14,3.06,11663.09,22.61,0.02
China_MotorBike_000647.jpg,China_MotorBike,2,143.93,1.84,4.50,15.00,10783.85,21.42,0.01
China_MotorBike_000658.jpg,China_MotorBike,7,140.60,0.85,0.54,14.51,13702.37,23.60,0.00
China_MotorBike_000675.jpg,China_MotorBike,3,157.36,0.00,1.57,13.78,14350.10,25.11,0.02
China_MotorBike_000721.jpg,China_MotorBike,1,150.75,0.00,0.76,5.62,7589.55,15.81,0.00
China_MotorBike_000788.jpg,China_MotorBike,7,151.15,0.01,0.64,11.12,10031.28,19.25,0.00
China_MotorBike_000794.jpg,China_MotorBike,2,140.39,2.95,3.06,15.84,14507.45,25.10,0.01
China_MotorBike_000815.jpg,China_MotorBike,0,131.60,1.61,1.12,27.30,6249.15,13.44,0.03
China_MotorBike_000824.jpg,China_MotorBike,4,151.11,0.00,7.16,8.15,14969.89,25.11,0.04
China_MotorBike_000853.jpg,China_MotorBike,3,149.38,0.02,2.11,15.09,16947.21,27.83,0.05
China_MotorBike_000855.jpg,China_MotorBike,3,141.91,0.92,5.51,14.97,10707.88,21.09,0.01
China_MotorBike_000866.jpg,China_MotorBike,2,151.03,0.00,2.90,7.06,17599.92,28.25,0.05
China_MotorBike_001014.jpg,China_MotorBike,1,154.54,0.00,1.41,10.24,13335.59,24.01,0.02
China_MotorBike_001025.jpg,China_MotorBike,3,159.57,0.00,5.51,16.93,5309.40,11.97,0.00
China_MotorBike_001096.jpg,China_MotorBike,2,147.74,0.00,4.73,6.81,7483.37,16.44,0.02
China_MotorBike_001241.jpg,China_MotorBike,6,158.09,0.00,3.25,8.26,5266.70,12.13,0.00
China_MotorBike_001246.jpg,China_MotorBike,5,138.28,4.22,3.59,24.04,8924.93,17.47,0.01
China_MotorBike_001259.jpg,China_MotorBike,1,144.90,2.43,1.70,23.14,7875.83,17.23,0.01
China_MotorBike_001277.jpg,China_MotorBike,4,153.41,0.01,5.31,12.02,2999.58,8.14,0.00
China_MotorBike_001339.jpg,China_MotorBike,4,149.68,0.00,2.89,6.10,18501.34,28.80,0.05
China_MotorBike_001361.jpg,China_MotorBike,2,157.36,0.18,0.11,23.11,2253.68,6.93,0.00
China_MotorBike_001497.jpg,China_MotorBike,2,145.42,2.59,1.89,24.45,7438.15,16.68,0.02
China_MotorBike_001558.jpg,China_MotorBike,4,133.45,0.43,1.04,16.02,2872.13,8.80,0.00
China_MotorBike_001559.jpg,China_MotorBike,1,152.63,0.00,1.98,7.92,13262.92,22.66,0.03
China_MotorBike_001620.jpg,China_MotorBike,2,151.73,0.00,1.49,13.04,7879.72,17.83,0.02
China_MotorBike_001662.jpg,China_MotorBike,8,154.08,0.00,3.26,7.73,11413.48,22.12,0.02
China_MotorBike_001794.jpg,China_MotorBike,1,153.75,0.00,1.77,7.06,13840.24,24.49,0.03
China_MotorBike_001814.jpg,China_MotorBike,2,149.19,0.00,1.51,10.67,13123.52,23.04,0.02
China_MotorBike_001920.jpg,China_MotorBike,3,148.11,0.02,8.21,10.11,15726.03,25.25,0.02
Czech_000429.jpg,Czech,2,124.86,12.84,9.41,56.23,1123.52,2.08,0.87
Czech_000617.jpg,Czech,0,135.55,9.79,25.54,69.04,2448.98,3.35,1.95
Czech_000694.jpg,Czech,2,127.83,8.92,12.81,32.82,4116.17,4.57,1.70
Czech_000776.jpg,Czech,0,110.60,13.31,4.44,39.89,4421.18,4.84,1.96
Czech_000947.jpg,Czech,0,124.63,9.85,11.49,51.66,3816.26,4.22,0.87
Czech_001065.jpg,Czech,1,133.46,9.66,22.36,65.07,1675.74,3.03,1.83
Czech_001106.jpg,Czech,0,132.21,10.42,22.38,64.77,1194.95,2.38,0.55
Czech_001247.jpg,Czech,1,127.99,15.83,20.49,69.81,1952.35,3.14,1.03
Czech_001327.jpg,Czech,1,123.48,12.84,10.74,44.13,2410.47,3.18,1.31
Czech_001517.jpg,Czech,1,116.42,22.05,23.06,68.64,1920.71,3.16,4.04
Czech_001579.jpg,Czech,2,118.62,12.03,11.61,40.03,3031.53,4.14,1.38
Czech_001730.jpg,Czech,0,116.41,11.90,3.80,42.85,3786.20,4.09,1.30
Czech_001786.jpg,Czech,0,128.95,13.09,23.64,60.59,1884.88,3.12,3.51
Czech_001998.jpg,Czech,1,130.97,10.25,28.37,68.37,1611.69,2.20,1.32
Czech_002013.jpg,Czech,4,108.08,24.03,17.64,59.09,2911.33,4.37,10.25
Czech_002117.jpg,Czech,1,121.44,18.37,22.48,64.16,1858.57,2.98,2.47
Czech_002121.jpg,Czech,0,130.10,11.52,23.49,65.28,1802.92,3.16,0.99
Czech_002142.jpg,Czech,0,129.31,12.37,21.98,71.24,1480.87,2.81,3.90
Czech_002332.jpg,Czech,0,116.73,16.79,16.27,50.59,1798.54,3.01,3.81
Czech_002411.jpg,Czech,0,122.24,13.07,18.11,56.36,1688.94,3.00,3.13
Czech_002454.jpg,Czech,0,135.21,11.26,22.90,66.16,2687.20,3.62,0.68
Czech_002472.jpg,Czech,1,93.67,31.47,14.83,46.78,1987.69,3.13,8.74
Czech_002476.jpg,Czech,0,132.05,11.84,22.55,62.55,1630.60,2.93,2.06
Czech_002670.jpg,Czech,0,103.63,26.59,9.47,47.29,2942.04,3.48,4.43
Czech_002697.jpg,Czech,0,138.16,9.69,25.92,63.47,2718.26,3.69,2.72
Czech_002706.jpg,Czech,0,118.00,23.99,22.98,69.75,2540.80,3.89,4.74
Czech_002732.jpg,Czech,1,125.85,3.50,4.05,40.56,3903.06,4.44,0.67
Czech_002738.jpg,Czech,2,122.62,17.43,21.66,62.68,1355.24,2.23,3.43
Czech_002769.jpg,Czech,1,99.47,20.85,9.90,41.89,3860.32,4.37,3.31
Czech_002783.jpg,Czech,2,128.36,13.18,17.34,66.46,1431.40,2.05,2.05
Czech_002786.jpg,Czech,0,105.20,23.99,14.98,55.38,1603.22,2.79,7.41
Czech_003144.jpg,Czech,1,118.37,10.05,2.41,43.44,3747.12,4.67,0.65
Czech_003262.jpg,Czech,0,110.39,17.21,11.07,53.02,2907.95,3.48,6.70
Czech_003285.jpg,Czech,2,113.40,13.27,7.47,46.03,3199.33,3.68,3.31
Czech_003345.jpg,Czech,2,122.55,18.36,24.90,64.66,1913.46,3.33,3.41
Czech_003360.jpg,Czech,0,132.16,8.23,10.93,30.41,4247.19,5.21,1.30
Czech_003376.jpg,Czech,1,125.47,17.48,25.85,65.77,1953.56,3.32,3.09
Czech_003391.jpg,Czech,1,105.42,29.79,15.90,60.31,1294.88,2.66,9.91
Czech_003438.jpg,Czech,0,132.85,13.33,22.41,69.15,2320.40,3.27,1.91
Czech_003494.jpg,Czech,1,98.22,25.44,10.72,55.68,2214.86,3.06,6.21
Czech_003498.jpg,Czech,0,111.58,21.90,17.99,60.15,1844.86,2.62,7.43
Czech_003500.jpg,Czech,2,115.93,24.15,22.91,76.56,1252.50,2.74,3.35
India_000047.jpg,India,0,124.08,3.41,10.89,63.52,245.54,0.68,0.00
India_000317.jpg,India,3,137.59,0.94,0.60,33.42,232.41,0.98,0.04
India_000376.jpg,India,0,147.32,1.72,1.51,26.30,406.84,1.35,0.04
India_000606.jpg,India,0,130.35,1.42,18.19,60.70,96.66,0.48,0.00
India_000618.jpg,India,4,137.35,0.72,12.36,44.46,452.87,1.35,0.02
India_000806.jpg,India,0,116.18,7.99,6.67,58.29,314.68,0.91,0.01
India_000851.jpg,India,0,129.49,4.17,0.00,56.51,91.62,0.56,0.00
India_000913.jpg,India,0,147.10,0.46,3.63,37.40,172.37,0.83,0.13
India_000919.jpg,India,3,123.94,5.80,18.17,66.63,249.62,0.82,9.05
India_000922.jpg,India,1,105.92,21.90,22.44,74.47,104.36,0.61,5.33
India_000997.jpg,India,1,147.22,0.18,4.03,39.18,260.92,0.93,0.02
India_001037.jpg,India,3,125.16,9.27,11.52,35.65,290.55,1.22,7.81
India_001380.jpg,India,0,150.78,0.88,12.01,43.62,396.63,1.48,0.00
India_001400.jpg,India,1,145.31,2.73,3.74,42.83,410.87,1.52,0.00
India_001497.jpg,India,0,147.82,0.76,5.14,41.60,788.96,1.97,0.17
India_001517.jpg,India,1,130.81,0.66,10.05,39.61,40.16,0.51,5.00
India_001599.jpg,India,2,115.60,16.40,19.43,72.39,108.73,0.61,2.34
India_001604.jpg,India,5,123.80,16.73,17.00,63.76,803.32,1.78,3.20
India_001609.jpg,India,0,141.96,2.10,0.00,49.95,415.58,1.02,0.00
India_001633.jpg,India,0,106.25,29.10,26.06,69.23,326.43,1.20,4.94
India_001702.jpg,India,2,124.28,8.57,20.90,68.53,162.18,0.80,4.84
India_001735.jpg,India,0,111.53,1.65,17.44,61.52,74.47,0.44,14.81
India_001767.jpg,India,1,154.54,0.88,3.12,33.83,671.50,1.52,0.01
India_001785.jpg,India,0,122.51,16.74,1.23,61.62,158.86,0.65,0.01
India_001820.jpg,India,4,97.65,43.40,16.56,72.10,405.10,1.16,2.92
India_001936.jpg,India,0,126.77,4.21,27.37,70.90,103.21,0.56,0.35
India_001939.jpg,India,2,110.86,13.79,24.33,73.34,242.25,0.91,1.08
India_001962.jpg,India,0,160.16,0.50,4.49,28.26,761.54,1.47,0.40
India_002022.jpg,India,1,111.79,23.77,16.84,69.28,784.76,1.93,9.99
India_002028.jpg,India,0,123.35,4.51,13.55,43.68,48.10,0.43,11.17
India_002085.jpg,India,1,148.45,0.29,12.14,50.41,311.21,0.97,0.09
India_002128.jpg,India,0,115.33,16.15,26.39,76.81,95.22,0.52,5.93
India_002135.jpg,India,1,145.25,0.61,13.43,44.04,75.39,0.51,0.00
India_002143.jpg,India,1,125.29,7.52,23.19,58.74,218.86,0.83,0.02
India_002211.jpg,India,2,134.89,5.19,25.13,62.42,329.46,1.12,0.00
India_002288.jpg,India,0,143.51,2.96,0.69,33.62,535.53,1.82,0.02
India_002320.jpg,India,2,155.92,0.01,6.32,28.29,319.64,1.13,0.01
India_002387.jpg,India,0,158.28,2.75,4.72,33.73,980.36,1.96,0.09
India_002504.jpg,India,0,121.47,19.74,9.78,71.19,187.33,0.73,0.64
India_002554.jpg,India,0,142.56,1.40,1.34,30.94,129.72,0.66,0.01
India_002590.jpg,India,1,109.16,3.96,11.12,42.96,207.85,0.89,7.40
India_002610.jpg,India,0,92.55,25.72,9.15,50.33,579.26,1.56,4.20
India_002614.jpg,India,2,153.87,0.01,6.99,31.75,250.57,1.12,0.00
India_002618.jpg,India,2,103.23,39.28,0.66,69.22,88.67,0.41,0.01
India_002662.jpg,India,1,138.40,0.68,28.43,66.69,38.70,0.38,3.56
India_002678.jpg,India,2,125.75,18.73,17.76,59.91,700.53,1.71,1.85
India_002750.jpg,India,0,120.98,9.72,19.71,52.87,241.75,0.87,0.48
India_002798.jpg,India,0,156.81,1.66,2.30,30.78,1159.73,2.85,0.01
India_002825.jpg,India,0,121.60,26.08,27.52,87.11,64.72,0.40,7.13
India_002860.jpg,India,3,127.15,5.99,24.18,61.65,378.11,1.11,18.97
India_002875.jpg,India,2,117.74,4.81,11.56,50.76,92.65,0.60,9.15
India_003021.jpg,India,0,121.04,17.53,27.18,80.67,82.32,0.53,8.03
India_003074.jpg,India,0,133.21,0.33,14.96,47.38,84.09,0.75,10.19
India_003094.jpg,India,1,90.59,27.96,10.70,65.16,286.90,0.91,9.69
India_003130.jpg,India,0,163.55,0.93,4.90,19.90,906.87,2.16,0.16
India_003161.jpg,India,3,149.88,0.38,2.57,29.24,231.91,0.86,0.02
India_003265.jpg,India,1,123.74,9.68,20.95,69.76,42.00,0.43,2.58
India_003289.jpg,India,0,129.24,8.77,17.25,58.76,612.54,1.65,0.03
India_003338.jpg,India,0,114.60,30.36,26.84,79.43,441.83,1.15,1.38
India_003430.jpg,India,0,131.88,11.98,29.51,74.70,265.75,0.83,0.42
India_003575.jpg,India,0,116.84,21.17,28.56,71.42,399.45,1.14,0.61
India_003577.jpg,India,0,109.27,28.10,28.82,80.05,158.33,0.70,0.02
India_003589.jpg,India,1,153.79,0.95,19.30,43.30,112.75,0.62,0.24
India_003595.jpg,India,0,158.07,0.00,5.06,30.24,309.41,1.03,0.07
India_003672.jpg,India,0,119.31,17.74,23.54,69.80,208.90,0.84,2.76
India_003674.jpg,India,3,157.10,0.00,7.37,32.10,167.25,0.79,0.00
India_003738.jpg,India,3,152.52,1.61,7.42,40.17,520.25,1.18,0.27
India_003741.jpg,India,7,163.78,0.00,12.53,37.11,170.64,0.84,0.01
India_003758.jpg,India,0,126.22,2.94,8.55,56.61,494.33,1.26,0.01
India_003806.jpg,India,3,155.11,0.00,6.79,34.08,154.76,0.84,0.03
India_003811.jpg,India,2,115.60,13.25,13.59,61.29,435.90,1.01,1.32
India_003822.jpg,India,0,153.84,1.34,39.80,66.86,382.06,1.12,13.10
India_003831.jpg,India,2,127.61,9.11,19.05,71.20,184.92,0.73,6.21
India_003866.jpg,India,0,93.33,32.34,22.64,81.44,86.76,0.56,3.79
India_003937.jpg,India,1,119.77,17.14,22.71,66.06,861.81,1.87,0.17
India_003949.jpg,India,0,119.05,10.30,23.74,64.71,334.31,0.93,2.82
India_003959.jpg,India,0,109.06,17.44,13.05,59.05,395.18,1.08,0.07
India_003975.jpg,India,5,131.51,17.48,21.88,66.01,737.48,1.76,3.71
India_004015.jpg,India,1,141.39,3.15,19.43,57.07,182.35,0.65,0.02
India_004035.jpg,India,2,148.91,0.18,10.08,44.14,354.51,1.52,0.01
India_004051.jpg,India,2,125.61,13.47,31.05,79.11,176.40,0.80,14.87
India_004091.jpg,India,4,143.91,0.09,8.89,41.84,415.77,1.26,0.01
India_004155.jpg,India,0,127.72,6.46,33.18,71.53,429.72,1.18,0.02
India_004193.jpg,India,2,133.35,0.21,18.37,57.17,187.45,0.74,11.38
India_004231.jpg,India,0,157.42,0.07,1.72,27.43,699.76,1.35,0.01
India_004279.jpg,India,0,95.61,28.31,20.57,74.59,247.72,0.77,14.40
India_004375.jpg,India,2,93.86,44.01,27.19,83.35,193.41,0.87,1.73
India_004425.jpg,India,0,161.63,0.05,7.62,22.82,582.16,1.39,0.00
India_004431.jpg,India,0,132.09,8.29,22.56,70.66,172.02,0.79,4.52
India_004437.jpg,India,1,135.89,0.73,3.19,53.15,201.04,0.70,0.02
India_004530.jpg,India,0,130.12,8.15,2.68,33.70,613.02,1.32,0.18
India_004556.jpg,India,2,143.50,1.16,1.02,41.91,357.15,0.91,0.01
India_004571.jpg,India,2,117.48,11.30,26.18,75.44,158.15,0.77,11.82
India_004742.jpg,India,0,157.96,0.41,17.35,31.63,39.89,0.47,0.03
India_004764.jpg,India,0,111.58,40.22,14.56,82.39,153.88,0.64,0.99
India_004913.jpg,India,0,123.21,19.30,20.02,63.32,597.89,1.42,2.93
India_004920.jpg,India,4,124.99,4.75,13.83,58.47,220.21,0.79,0.00
India_005058.jpg,India,0,157.70,0.40,37.86,58.34,602.55,1.53,0.02
India_005080.jpg,India,1,105.23,24.89,25.41,74.85,351.51,1.06,2.95
India_005087.jpg,India,0,136.10,0.03,15.81,46.05,121.65,0.95,9.26
India_005296.jpg,India,0,134.81,0.92,18.72,59.75,91.25,0.50,9.92
India_005308.jpg,India,0,113.41,18.03,28.02,69.04,259.88,0.88,0.44
India_005318.jpg,India,0,123.42,11.99,15.97,62.18,407.58,1.11,0.02
India_005618.jpg,India,0,129.12,4.63,1.40,34.88,371.61,0.87,0.13
India_005659.jpg,India,0,153.19,0.00,3.31,26.63,449.01,1.08,0.04
India_005676.jpg,India,4,122.29,23.12,24.27,78.28,135.91,0.60,6.50
India_005729.jpg,India,0,124.69,0.36,11.25,46.01,52.88,0.46,8.72
India_005742.jpg,India,0,122.59,4.51,3.75,56.94,287.39,0.82,0.00
India_005902.jpg,India,0,137.99,0.29,2.20,45.18,213.74,0.73,0.00
India_006079.jpg,India,1,105.28,29.08,16.42,75.16,148.80,0.60,2.58
India_006091.jpg,India,1,161.46,0.13,3.43,30.28,374.77,1.00,0.02
India_006238.jpg,India,4,154.01,0.00,14.67,36.93,27.33,0.46,5.84
India_006295.jpg,India,4,128.59,7.72,8.76,51.11,701.17,1.57,0.01
India_006357.jpg,India,0,106.07,39.02,30.66,92.38,178.89,0.53,23.31
India_006600.jpg,India,0,155.25,0.00,8.05,31.21,155.59,0.86,0.00
India_006645.jpg,India,3,112.16,13.92,18.98,66.48,233.00,0.96,4.23
India_006663.jpg,India,1,132.26,5.46,0.03,63.63,183.30,0.92,0.00
India_006808.jpg,India,1,151.74,0.14,8.93,37.77,130.99,0.77,0.05
India_006845.jpg,India,1,138.90,2.91,2.63,40.91,487.37,1.04,0.20
India_006896.jpg,India,1,112.75,15.15,27.76,76.48,224.97,1.01,9.78
India_006909.jpg,India,0,91.70,19.20,7.01,51.09,29.89,0.35,2.28
India_006919.jpg,India,0,148.71,3.63,6.30,33.57,736.96,1.63,0.02
India_007007.jpg,India,2,153.08,0.93,7.19,51.21,326.26,1.11,0.00
India_007013.jpg,India,0,135.97,3.40,12.97,44.61,304.76,1.00,0.00
India_007135.jpg,India,0,151.25,0.02,16.74,45.35,317.45,1.02,0.00
India_007171.jpg,India,3,114.25,13.42,24.94,71.66,117.29,0.68,13.65
India_007220.jpg,India,0,146.28,0.01,30.95,60.94,55.07,0.38,0.01
India_007377.jpg,India,2,121.23,13.67,15.95,69.58,243.16,0.93,1.97
India_007404.jpg,India,3,116.07,8.17,18.44,68.43,86.79,0.51,0.18
India_007407.jpg,India,0,118.40,20.62,27.14,76.35,332.01,1.17,2.60
India_007416.jpg,India,0,102.55,19.74,12.25,66.34,17.22,0.31,0.89
India_007423.jpg,India,0,141.93,2.28,20.45,47.37,190.78,0.76,3.07
India_007451.jpg,India,1,118.48,7.38,16.80,62.21,85.61,0.42,14.21
India_007497.jpg,India,2,121.60,15.83,27.12,75.61,279.14,0.91,8.70
India_007612.jpg,India,0,144.61,0.20,21.66,46.14,128.41,0.99,0.04
India_007613.jpg,India,0,130.49,4.91,8.37,59.27,312.23,1.15,0.00
India_007702.jpg,India,1,123.02,11.93,29.09,72.48,193.92,0.76,0.21
India_007947.jpg,India,0,125.02,6.04,26.67,70.53,117.31,0.72,9.23
India_007955.jpg,India,2,117.95,12.89,14.34,68.43,163.32,0.73,1.98
India_007978.jpg,India,0,116.68,16.36,22.84,58.45,449.07,1.16,3.58
India_008126.jpg,India,0,102.77,40.10,7.57,66.54,186.57,0.71,1.38
India_008129.jpg,India,0,131.76,7.28,2.02,53.17,411.48,1.09,0.00
India_008189.jpg,India,0,135.40,3.30,2.62,44.18,346.00,1.08,0.08
India_008227.jpg,India,3,139.99,1.28,8.61,40.79,291.98,1.08,0.00
India_008238.jpg,India,2,127.67,12.57,24.53,75.73,61.13,0.45,4.24
India_008296.jpg,India,2,145.47,2.64,25.38,58.43,539.28,1.47,0.05
India_008301.jpg,India,5,134.34,5.89,6.02,45.76,256.40,1.11,0.00
India_008385.jpg,India,3,108.20,32.28,21.34,78.47,681.01,1.57,5.61
India_008627.jpg,India,3,117.86,15.26,26.53,79.81,132.50,0.72,10.46
India_008631.jpg,India,0,122.27,15.26,14.49,61.79,702.83,1.64,1.24
India_008702.jpg,India,0,101.07,13.95,8.82,45.17,715.60,1.25,3.16
India_008720.jpg,India,0,139.62,0.11,8.26,46.70,402.32,0.98,0.01
India_008762.jpg,India,5,132.28,6.07,6.43,46.67,246.26,1.05,0.02
India_008802.jpg,India,3,122.31,17.65,21.00,60.62,337.88,1.14,1.92
India_008847.jpg,India,2,120.08,16.87,25.64,67.46,510.01,1.46,0.63
India_008852.jpg,India,3,121.86,23.11,19.34,69.87,653.70,1.60,4.63
India_008986.jpg,India,1,136.43,1.72,23.72,62.92,94.93,0.57,0.95
India_009057.jpg,India,0,122.97,6.46,0.00,53.93,17.65,0.33,0.04
India_009071.jpg,India,2,144.31,0.81,19.45,49.46,32.94,0.47,0.02
India_009143.jpg,India,0,102.82,36.91,28.26,77.41,117.92,0.53,0.03
India_009282.jpg,India,1,136.56,5.81,14.58,52.93,178.15,1.00,13.71
India_009476.jpg,India,0,152.44,0.00,30.13,60.09,61.87,0.57,10.19
India_009660.jpg,India,0,109.82,24.88,7.56,69.10,671.29,1.85,1.04
India_009796.jpg,India,0,122.56,16.19,29.79,75.66,397.19,1.58,11.28
India_009799.jpg,India,0,116.30,37.38,14.29,77.26,148.33,0.69,1.17
India_009838.jpg,India,0,114.69,15.48,22.42,56.75,394.71,1.15,0.13
India_009880.jpg,India,2,114.23,12.35,16.82,66.08,126.94,0.66,3.56
Japan_000015.jpg,Japan,4,78.43,29.47,6.66,40.71,347.18,1.21,0.39
Japan_000079.jpg,Japan,4,89.94,12.36,0.24,28.53,410.32,0.72,1.98
Japan_000081.jpg,Japan,6,108.46,13.66,15.16,45.36,1797.21,3.27,12.28
Japan_000092.jpg,Japan,1,130.11,10.11,13.89,34.46,4422.61,7.07,2.52
Japan_000110.jpg,Japan,3,105.74,21.26,23.00,62.06,2224.30,5.03,9.06
Japan_000121.jpg,Japan,0,120.52,17.11,21.21,52.64,2102.39,2.64,17.31
Japan_000130.jpg,Japan,2,91.95,37.15,15.04,65.38,3459.61,7.60,1.35
Japan_000238.jpg,Japan,1,96.43,33.44,0.00,62.83,366.82,0.89,1.67
Japan_000253.jpg,Japan,1,114.70,16.28,6.52,35.18,2132.53,3.88,2.99
Japan_000318.jpg,Japan,2,110.02,31.82,27.02,79.69,2666.44,3.67,20.64
Japan_000361.jpg,Japan,2,133.85,9.37,21.69,50.71,2303.94,4.60,2.92
Japan_000376.jpg,Japan,4,77.04,18.25,1.38,19.28,289.05,1.16,2.39
Japan_000400.jpg,Japan,1,135.63,5.67,7.06,21.00,3223.48,6.34,2.88
Japan_000404.jpg,Japan,1,118.63,10.07,0.74,17.17,4997.40,7.86,1.46
Japan_000407.jpg,Japan,1,119.09,10.74,19.84,56.51,2077.78,4.34,5.78
Japan_000474.jpg,Japan,0,108.30,15.24,15.16,51.65,2339.00,5.09,10.36
Japan_000509.jpg,Japan,1,110.13,9.71,6.84,25.78,2574.09,5.19,3.49
Japan_000602.jpg,Japan,3,118.05,14.04,17.15,50.04,2794.24,5.40,11.77
Japan_000611.jpg,Japan,1,105.50,38.26,23.52,69.31,2242.59,3.52,3.15
Japan_000643.jpg,Japan,3,123.08,10.28,24.17,62.49,2176.89,4.71,10.59
Japan_000852.jpg,Japan,5,71.16,26.69,0.37,22.40,304.31,0.68,3.08
Japan_000881.jpg,Japan,2,87.74,27.00,4.80,32.38,2876.92,4.43,1.92
Japan_000896.jpg,Japan,2,101.39,19.80,10.22,42.03,2624.96,5.63,8.23
Japan_001063.jpg,Japan,3,121.28,17.87,7.97,40.74,3046.37,4.64,3.13
Japan_001066.jpg,Japan,4,89.90,44.85,15.52,72.49,1468.08,3.26,4.06
Japan_001134.jpg,Japan,5,86.99,16.22,0.30,24.08,229.24,0.95,2.02
Japan_001180.jpg,Japan,3,110.38,20.23,16.69,49.10,3975.96,6.21,4.25
Japan_001239.jpg,Japan,2,144.77,7.84,32.17,64.32,832.21,1.41,5.78
Japan_001262.jpg,Japan,1,127.30,7.15,7.46,25.74,12275.45,16.88,0.35
Japan_001282.jpg,Japan,1,112.14,38.48,21.63,78.73,2601.88,3.41,6.61
Japan_001625.jpg,Japan,8,135.95,7.54,3.21,31.25,3371.80,4.06,1.33
Japan_001665.jpg,Japan,1,120.81,8.93,18.46,56.81,2144.48,4.42,7.86
Japan_001690.jpg,Japan,7,70.54,32.85,5.49,38.52,283.84,1.21,1.54
Japan_001713.jpg,Japan,3,116.89,14.82,20.32,59.22,2851.83,5.42,6.94
Japan_001738.jpg,Japan,1,115.20,11.56,20.08,57.11,1246.89,3.28,16.11
Japan_001806.jpg,Japan,3,71.77,32.37,6.46,54.93,139.93,0.63,1.96
Japan_001855.jpg,Japan,0,100.58,33.75,23.24,66.58,2201.97,3.18,15.75
Japan_001874.jpg,Japan,1,81.93,36.20,8.82,50.95,353.86,0.65,3.48
Japan_002104.jpg,Japan,4,117.15,8.18,2.17,12.76,4248.69,7.69,1.64
Japan_002128.jpg,Japan,1,130.79,6.91,10.02,31.62,371.42,1.44,3.73
Japan_002195.jpg,Japan,4,73.70,17.80,1.71,19.05,263.71,1.18,2.22
Japan_002225.jpg,Japan,1,105.82,11.60,0.00,26.87,272.13,0.61,2.23
Japan_002306.jpg,Japan,3,112.44,18.36,23.99,63.32,1183.10,2.06,16.00
Japan_002314.jpg,Japan,2,65.12,41.83,3.93,29.19,209.81,0.93,3.12
Japan_002357.jpg,Japan,3,115.45,16.49,14.96,46.88,2561.40,4.95,8.00
Japan_002472.jpg,Japan,2,120.27,8.71,13.85,34.50,2487.89,4.98,5.45
Japan_002550.jpg,Japan,1,99.96,28.22,17.42,55.92,3470.97,5.33,8.63
Japan_002552.jpg,Japan,5,93.09,1.87,0.92,16.27,1619.65,3.72,0.21
Japan_002560.jpg,Japan,1,114.22,31.42,22.50,77.53,976.60,1.84,7.46
Japan_002561.jpg,Japan,3,109.91,17.17,24.65,70.96,1608.29,3.66,18.98
Japan_002601.jpg,Japan,1,129.25,16.75,17.94,54.65,3896.27,3.92,3.30
Japan_002845.jpg,Japan,2,87.20,32.70,3.83,44.36,486.93,1.71,3.72
Japan_002863.jpg,Japan,5,81.09,28.69,9.48,41.80,3145.92,5.58,4.84
Japan_002871.jpg,Japan,3,113.02,14.19,13.01,49.15,3505.98,5.84,6.01
Japan_002889.jpg,Japan,2,127.96,13.85,25.24,66.71,3524.99,5.11,1.64
Japan_003021.jpg,Japan,4,124.70,7.97,25.31,64.67,2054.06,4.89,6.98
Japan_003057.jpg,Japan,5,81.62,20.71,6.00,33.37,504.54,1.67,1.44
Japan_003139.jpg,Japan,8,109.26,12.25,10.14,30.91,2395.94,5.24,6.40
Japan_003155.jpg,Japan,2,126.39,9.44,13.68,44.14,4145.37,7.11,2.02
Japan_003194.jpg,Japan,1,115.10,20.39,29.11,72.13,1240.00,2.85,19.56
Japan_003244.jpg,Japan,0,121.19,17.07,11.16,61.62,3866.39,5.67,1.60
Japan_003271.jpg,Japan,1,120.39,15.33,7.97,24.83,5686.03,5.68,3.13
Japan_003429.jpg,Japan,0,94.17,24.82,6.01,38.28,2393.84,4.17,3.67
Japan_003487.jpg,Japan,6,128.25,16.75,29.30,67.69,4743.88,6.66,2.54
Japan_003537.jpg,Japan,1,117.11,17.98,7.34,43.51,3399.83,4.24,2.96
Japan_003631.jpg,Japan,2,104.55,9.27,0.23,15.55,8654.90,10.57,0.71
Japan_003643.jpg,Japan,2,120.22,11.49,19.56,61.05,2470.52,5.08,9.12
Japan_003656.jpg,Japan,2,126.30,10.93,12.11,37.09,2534.60,4.48,1.10
Japan_003657.jpg,Japan,0,97.78,26.49,14.35,55.80,1293.96,2.16,12.81
Japan_003663.jpg,Japan,1,114.46,6.16,16.54,48.97,667.95,2.14,12.57
Japan_003716.jpg,Japan,1,106.82,14.75,19.58,58.50,2021.58,4.80,15.19
Japan_003822.jpg,Japan,2,64.50,37.04,0.20,41.40,283.85,0.98,1.50
Japan_003865.jpg,Japan,2,113.83,13.41,21.24,66.28,1949.38,4.64,15.18
Japan_003947.jpg,Japan,5,64.26,41.98,9.45,57.27,283.65,0.85,1.87
Japan_004023.jpg,Japan,3,100.86,22.04,11.58,36.68,2523.36,3.98,5.50
Japan_004038.jpg,Japan,2,78.85,18.64,0.59,19.18,350.49,0.68,2.04
Japan_004104.jpg,Japan,1,130.62,17.21,31.10,73.81,2586.60,4.69,1.05
Japan_004183.jpg,Japan,3,124.61,14.03,27.97,70.90,3479.60,5.95,11.46
Japan_004219.jpg,Japan,5,118.03,18.96,1.41,36.98,3830.76,5.83,2.05
Japan_004346.jpg,Japan,3,129.23,16.98,2.46,52.89,3946.43,5.41,2.03
Japan_004351.jpg,Japan,3,115.73,23.21,30.41,74.13,2344.07,4.27,2.74
Japan_004405.jpg,Japan,1,117.24,16.84,26.76,71.81,1804.91,4.50,16.43
Japan_004447.jpg,Japan,1,101.29,27.79,1.60,42.12,5184.15,7.49,4.72
Japan_004501.jpg,Japan,2,88.52,19.28,5.79,38.22,3484.20,5.74,3.64
Japan_004567.jpg,Japan,4,126.85,10.45,9.01,24.76,2317.96,4.36,3.71
Japan_004597.jpg,Japan,3,108.18,16.68,17.69,50.93,2532.61,4.48,2.77
Japan_004614.jpg,Japan,1,113.75,8.24,13.94,34.93,1583.96,3.79,10.25
Japan_004621.jpg,Japan,2,92.11,12.83,0.64,23.81,239.07,0.99,1.96
Japan_004634.jpg,Japan,1,114.70,13.81,12.40,37.78,2553.49,3.08,7.46
Japan_004650.jpg,Japan,2,112.27,27.05,18.24,62.81,1945.80,3.08,6.22
Japan_004741.jpg,Japan,3,130.32,9.34,7.03,18.37,2923.06,4.74,2.30
Japan_004774.jpg,Japan,1,106.50,12.09,11.64,48.50,2335.45,5.04,7.72
Japan_004778.jpg,Japan,0,109.87,37.18,28.22,82.28,1929.57,3.88,3.81
Japan_004820.jpg,Japan,2,127.30,18.94,27.90,69.62,2069.83,2.58,3.01
Japan_004914.jpg,Japan,2,99.92,26.76,18.74,66.08,2641.34,4.49,14.05
Japan_004928.jpg,Japan,1,120.92,8.81,7.78,27.61,1984.89,4.55,5.73
Japan_005050.jpg,Japan,1,118.98,10.52,17.65,59.46,1878.57,4.36,2.39
Japan_005054.jpg,Japan,1,146.13,0.39,6.27,22.57,6055.34,10.29,0.03
Japan_005096.jpg,Japan,4,127.84,14.42,30.07,67.39,4502.06,6.37,6.99
Japan_005448.jpg,Japan,7,61.59,40.25,5.81,33.42,175.93,0.76,1.34
Japan_005472.jpg,Japan,4,99.97,18.60,12.46,47.80,484.72,1.68,10.04
Japan_005477.jpg,Japan,6,103.91,8.52,0.12,19.08,183.65,0.58,0.74
Japan_005515.jpg,Japan,1,128.00,0.35,5.60,18.69,3341.37,5.89,0.59
Japan_005545.jpg,Japan,3,129.04,7.53,23.24,53.84,1387.74,3.63,3.71
Japan_005601.jpg,Japan,3,86.30,18.00,0.98,23.78,134.55,0.63,2.06
Japan_005727.jpg,Japan,1,110.08,20.01,21.77,51.44,3319.40,5.62,5.12
Japan_005791.jpg,Japan,0,124.68,6.14,6.47,24.48,1098.42,3.07,1.83
Japan_005807.jpg,Japan,5,105.97,12.61,0.00,23.13,395.98,1.02,4.55
Japan_005850.jpg,Japan,1,135.67,4.27,11.47,27.34,2504.97,5.57,2.01
Japan_005972.jpg,Japan,2,124.47,15.25,27.44,62.48,4183.29,6.26,2.35
Japan_006040.jpg,Japan,1,123.93,15.67,21.86,60.55,3149.77,3.89,6.08
Japan_006087.jpg,Japan,3,101.96,23.53,17.65,67.84,2403.38,5.02,16.39
Japan_006206.jpg,Japan,1,95.88,42.32,23.56,58.94,6276.38,7.33,7.43
Japan_006267.jpg,Japan,5,77.91,16.98,0.01,13.16,189.06,0.87,1.69
Japan_006380.jpg,Japan,3,120.12,6.22,12.32,38.68,3412.47,5.65,6.26
Japan_006485.jpg,Japan,2,78.75,28.51,7.50,43.95,195.42,0.43,4.65
Japan_006635.jpg,Japan,0,115.87,13.35,18.98,57.85,2029.08,4.53,8.91
Japan_006701.jpg,Japan,1,106.57,11.07,4.93,28.17,2782.27,5.72,4.11
Japan_006742.jpg,Japan,2,77.73,26.64,0.00,48.74,106.84,0.45,0.76
Japan_006794.jpg,Japan,4,78.71,17.80,0.73,17.89,168.26,0.72,1.64
Japan_006839.jpg,Japan,8,74.99,16.89,2.29,21.36,599.14,1.93,3.58
Japan_006899.jpg,Japan,2,76.63,25.23,10.59,45.33,181.38,0.86,2.42
Japan_006901.jpg,Japan,3,126.05,11.74,26.15,63.32,2848.85,5.52,3.88
Japan_006968.jpg,Japan,4,105.27,17.52,20.47,67.63,1749.94,3.99,19.99
Japan_007019.jpg,Japan,1,133.74,7.88,23.19,56.69,1766.52,3.53,3.07
Japan_007035.jpg,Japan,2,118.66,12.53,6.48,41.14,4474.78,7.20,1.24
Japan_007038.jpg,Japan,1,80.91,38.47,7.40,48.94,506.44,1.25,6.42
Japan_007041.jpg,Japan,0,91.35,29.22,15.71,50.67,2847.11,3.43,11.98
Japan_007043.jpg,Japan,1,123.70,5.90,6.81,23.28,2429.80,5.44,3.35
Japan_007090.jpg,Japan,4,109.26,19.32,20.00,58.65,4321.86,7.17,4.86
Japan_007278.jpg,Japan,1,120.59,18.21,25.51,59.03,2286.41,2.92,7.71
Japan_007296.jpg,Japan,2,62.67,43.86,7.10,47.40,512.16,1.34,7.10
Japan_007338.jpg,Japan,4,125.93,11.02,2.37,28.64,5289.89,7.80,1.61
Japan_007377.jpg,Japan,0,123.47,21.51,32.51,71.18,2729.97,3.77,2.57
Japan_007483.jpg,Japan,2,72.14,27.70,2.43,29.36,296.12,0.96,4.63
Japan_007527.jpg,Japan,5,105.71,18.26,19.30,58.38,3741.78,6.82,11.87
Japan_007536.jpg,Japan,1,114.34,14.52,7.97,36.83,4048.15,6.17,5.88
Japan_007557.jpg,Japan,4,119.24,10.92,6.87,46.98,3875.78,6.98,0.99
Japan_007751.jpg,Japan,2,141.95,4.17,8.77,38.88,3312.88,6.06,1.14
Japan_007992.jpg,Japan,3,140.49,0.17,2.80,13.27,2496.81,5.78,0.20
Japan_008016.jpg,Japan,0,127.95,19.39,31.15,73.38,2341.69,2.90,8.27
Japan_008055.jpg,Japan,0,117.87,7.54,14.35,45.95,1474.03,3.50,11.74
Japan_008079.jpg,Japan,4,78.98,37.55,8.54,44.42,235.63,0.60,3.73
Japan_008159.jpg,Japan,3,118.47,8.21,5.34,19.16,3915.76,5.80,3.39
Japan_008198.jpg,Japan,3,109.45,13.67,13.77,49.70,2989.58,5.75,12.12
Japan_008205.jpg,Japan,3,107.80,20.48,5.10,45.96,3840.53,5.96,1.99
Japan_008364.jpg,Japan,1,102.47,10.87,1.04,20.58,295.88,1.25,4.20
Japan_008380.jpg,Japan,4,101.80,11.05,4.37,30.82,145.88,0.56,3.23
Japan_008406.jpg,Japan,1,128.48,1.41,2.84,30.45,253.61,1.18,0.18
Japan_008413.jpg,Japan,4,118.73,20.83,8.68,38.55,4442.10,6.95,5.83
Japan_008495.jpg,Japan,6,116.44,11.62,17.34,45.69,1151.10,3.39,5.95
Japan_008542.jpg,Japan,0,122.20,13.13,8.94,31.06,5422.67,8.88,3.62
Japan_008561.jpg,Japan,2,100.24,22.53,4.66,30.43,4275.90,6.27,3.58
Japan_008627.jpg,Japan,3,104.62,13.16,17.57,56.01,1010.44,2.48,14.22
Japan_008749.jpg,Japan,4,116.33,12.55,2.72,25.86,3071.80,5.24,1.99
Japan_008884.jpg,Japan,0,116.48,24.92,26.36,66.67,2397.51,3.08,15.27
Japan_008887.jpg,Japan,0,100.10,23.75,16.76,63.61,1937.97,2.91,15.04
Japan_008916.jpg,Japan,0,123.11,20.31,19.90,46.79,3893.04,4.33,3.60
Japan_008942.jpg,Japan,4,87.21,14.77,1.22,18.92,440.69,1.63,3.54
Japan_008951.jpg,Japan,3,122.01,8.62,21.80,61.99,1073.78,3.07,5.38
Japan_008998.jpg,Japan,1,84.91,32.98,17.16,57.49,1957.16,4.41,16.77
Japan_009054.jpg,Japan,2,126.36,16.00,22.97,74.09,2491.96,4.23,1.56
Japan_009124.jpg,Japan,6,115.75,10.32,4.33,31.21,4774.61,7.52,2.14
Japan_009301.jpg,Japan,2,112.65,21.24,0.12,49.18,765.46,2.22,5.09
Japan_009325.jpg,Japan,1,102.66,20.71,22.20,65.64,2116.37,4.73,14.85
Japan_009345.jpg,Japan,3,71.27,41.95,8.66,47.98,48.60,0.44,2.04
Japan_009384.jpg,Japan,1,118.43,8.69,13.68,36.88,2532.34,4.67,5.77
Japan_009404.jpg,Japan,2,104.47,15.39,0.47,27.55,314.64,0.70,4.61
Japan_009408.jpg,Japan,1,108.41,18.57,17.37,56.21,3621.97,6.85,15.30
Japan_009521.jpg,Japan,4,95.71,29.83,23.34,72.30,1517.18,3.48,13.64
Japan_009565.jpg,Japan,2,99.75,20.87,9.35,48.58,2557.64,5.08,9.27
Japan_009660.jpg,Japan,3,74.95,20.35,1.48,19.86,178.03,0.69,1.05
Japan_009738.jpg,Japan,2,78.89,50.06,19.35,72.96,2373.56,4.15,5.37
Japan_009798.jpg,Japan,6,103.86,16.23,16.66,54.61,1291.93,3.11,10.74
Japan_009814.jpg,Japan,0,90.55,29.66,13.03,52.30,1821.83,2.46,13.63
Japan_009824.jpg,Japan,1,126.34,14.09,4.77,28.43,3570.57,6.19,1.50
Japan_009892.jpg,Japan,0,109.00,23.71,2.01,46.42,2979.81,5.69,2.60
Japan_009896.jpg,Japan,2,113.11,13.55,18.49,55.86,1367.22,3.23,12.92
Japan_010021.jpg,Japan,2,134.40,16.40,33.61,58.99,4778.23,6.55,7.24
Japan_010051.jpg,Japan,3,122.61,14.34,4.11,46.78,4146.18,4.39,2.08
Japan_010121.jpg,Japan,7,108.74,10.51,2.18,24.10,111.81,0.50,3.00
Japan_010138.jpg,Japan,6,112.98,14.71,16.35,47.53,1764.14,4.28,13.85
Japan_010255.jpg,Japan,2,78.55,34.65,11.83,55.92,354.37,0.99,13.50
Japan_010371.jpg,Japan,2,106.31,11.79,12.46,48.58,2249.67,4.95,10.99
Japan_010373.jpg,Japan,1,113.52,14.88,18.72,57.48,2485.12,4.68,5.99
Japan_010377.jpg,Japan,1,95.44,34.31,19.10,64.11,1980.70,2.89,20.52
Japan_010451.jpg,Japan,3,109.56,13.80,10.31,41.43,1853.98,4.45,5.59
Japan_010568.jpg,Japan,7,121.75,17.20,22.32,52.25,4963.42,6.50,5.84
Japan_010611.jpg,Japan,1,154.66,0.00,1.33,13.38,2501.16,5.94,0.06
Japan_010662.jpg,Japan,2,123.10,8.64,14.59,42.03,3055.11,5.85,5.41
Japan_010733.jpg,Japan,3,119.91,14.26,24.48,53.15,3612.86,5.22,10.29
Japan_010769.jpg,Japan,2,109.01,7.86,10.63,25.26,1140.63,2.50,6.66
Japan_010837.jpg,Japan,8,72.30,25.41,2.21,23.31,321.83,1.02,1.87
Japan_010946.jpg,Japan,1,139.01,17.44,27.65,77.51,804.40,1.46,3.60
Japan_010974.jpg,Japan,2,103.54,24.67,5.76,48.42,3684.18,6.08,2.50
Japan_010985.jpg,Japan,1,111.53,15.32,8.40,40.78,4979.60,6.83,3.00
Japan_011115.jpg,Japan,0,101.27,13.76,9.76,42.13,603.62,1.98,7.04
Japan_011120.jpg,Japan,1,115.60,33.05,31.80,81.20,2430.73,3.53,7.21
Japan_011152.jpg,Japan,2,104.81,16.06,5.57,29.05,1946.76,4.05,5.98
Japan_011279.jpg,Japan,5,111.66,13.85,18.33,60.30,2965.99,4.32,2.25
Japan_011306.jpg,Japan,1,121.27,10.95,15.27,46.28,2351.74,4.73,10.51
Japan_011316.jpg,Japan,0,123.54,21.95,36.79,75.56,2347.40,4.20,1.85
Japan_011346.jpg,Japan,5,127.41,8.84,29.10,65.41,2052.34,3.39,11.76
Japan_011386.jpg,Japan,1,95.78,28.59,17.65,57.20,3469.93,3.80,15.24
Japan_011439.jpg,Japan,2,112.25,8.14,1.41,19.65,245.16,0.55,2.45
Japan_011576.jpg,Japan,1,97.93,19.75,12.87,35.98,2716.15,3.73,4.14
Japan_011645.jpg,Japan,2,117.41,13.90,18.63,51.66,2472.08,4.82,3.97
Japan_011682.jpg,Japan,0,99.21,17.12,8.78,39.97,1622.89,3.48,7.81
Japan_011733.jpg,Japan,2,103.33,16.71,15.37,56.66,3155.06,6.05,15.56
Japan_011838.jpg,Japan,5,124.93,8.75,24.85,60.47,1904.68,4.67,2.68
Japan_011891.jpg,Japan,2,107.52,12.78,16.43,46.42,2396.83,4.10,11.45
Japan_011895.jpg,Japan,3,115.67,13.12,23.57,62.29,1560.26,3.93,6.35
Japan_011914.jpg,Japan,4,108.38,18.62,14.86,41.50,2282.10,4.38,12.44
Japan_011936.jpg,Japan,0,123.36,25.21,34.34,80.33,2490.69,3.78,14.19
Japan_011939.jpg,Japan,2,110.48,19.52,25.30,75.04,2002.56,4.66,18.12
Japan_011972.jpg,Japan,0,88.47,28.26,15.78,56.15,3156.58,4.37,15.51
Japan_012029.jpg,Japan,2,136.28,6.38,10.75,25.37,2051.59,3.80,2.19
Japan_012049.jpg,Japan,6,83.24,14.62,0.78,21.45,139.30,0.62,1.62
Japan_012054.jpg,Japan,1,119.53,28.97,21.77,81.66,2365.86,4.16,4.23
Japan_012089.jpg,Japan,1,89.84,31.93,0.00,56.10,322.38,1.01,0.88
Japan_012234.jpg,Japan,1,106.90,24.70,21.19,65.04,2178.64,2.75,19.85
Japan_012332.jpg,Japan,6,86.65,15.89,2.08,16.35,303.16,1.20,0.93
Japan_012354.jpg,Japan,4,133.56,6.52,22.81,50.42,3667.17,6.90,2.84
Japan_012357.jpg,Japan,7,69.90,30.06,8.29,38.82,379.56,1.22,1.42
Japan_012389.jpg,Japan,4,113.08,33.38,16.34,63.67,2333.63,3.86,2.09
Japan_012453.jpg,Japan,2,137.15,1.31,2.86,16.04,1097.44,2.97,0.79
Japan_012477.jpg,Japan,3,136.82,12.48,28.92,62.67,3228.48,3.61,6.41
Japan_012521.jpg,Japan,4,105.91,14.13,12.10,51.55,2252.71,3.56,11.77
Japan_012546.jpg,Japan,3,134.44,18.08,17.05,52.35,1768.77,2.97,1.27
Japan_012651.jpg,Japan,0,94.95,35.54,19.44,73.88,2021.52,3.18,19.96
Japan_012735.jpg,Japan,3,120.02,9.12,13.76,39.56,1815.27,3.78,11.23
Japan_012794.jpg,Japan,2,122.07,10.40,4.28,17.51,5763.55,8.61,2.09
Japan_012797.jpg,Japan,2,134.24,16.43,38.81,78.24,3033.17,4.30,3.28
Japan_012874.jpg,Japan,0,119.08,14.79,23.63,61.65,3024.37,5.44,15.20
Japan_013032.jpg,Japan,1,129.20,5.81,7.62,31.45,2048.37,3.44,1.92
Japan_013066.jpg,Japan,0,106.11,13.07,13.94,45.80,769.47,2.36,7.32
Norway_000024.jpg,Norway,6,167.82,0.29,36.33,44.64,115.46,0.50,22.49
Norway_000056.jpg,Norway,0,90.01,8.41,0.60,21.05,109.80,0.78,0.02
Norway_000169.jpg,Norway,0,78.49,18.45,6.50,44.50,83.56,0.68,2.13
Norway_000215.jpg,Norway,1,99.83,35.84,21.51,71.86,60.77,0.57,16.97
Norway_000260.jpg,Norway,0,101.16,23.71,18.22,61.29,64.84,0.61,12.72
Norway_000277.jpg,Norway,0,114.11,3.65,0.54,29.85,120.12,0.80,0.10
Norway_000293.jpg,Norway,1,77.06,18.05,0.24,25.78,98.55,0.74,0.11
Norway_000299.jpg,Norway,25,160.96,0.17,34.03,58.27,42.25,0.46,29.75
Norway_000380.jpg,Norway,0,80.47,15.07,0.17,32.42,66.46,0.63,0.01
Norway_000456.jpg,Norway,0,138.72,2.69,9.50,35.73,73.40,0.49,1.66
Norway_000492.jpg,Norway,0,112.18,2.20,0.56,25.64,105.57,0.76,0.05
Norway_000659.jpg,Norway,0,119.45,10.10,20.34,60.56,94.06,0.65,14.72
Norway_000673.jpg,Norway,0,117.33,15.00,23.40,62.82,77.46,0.68,15.56
Norway_000706.jpg,Norway,0,152.40,4.74,19.23,49.87,51.07,0.43,1.73
Norway_000721.jpg,Norway,3,132.73,2.85,26.85,66.86,29.09,0.40,22.93
Norway_000803.jpg,Norway,1,95.47,12.52,13.28,53.95,57.28,0.58,10.53
Norway_000891.jpg,Norway,5,141.87,1.70,23.24,52.90,40.65,0.46,18.83
Norway_001120.jpg,Norway,1,87.44,14.19,0.17,31.68,77.26,0.67,0.04
Norway_001144.jpg,Norway,0,108.15,5.09,1.31,21.19,77.02,0.61,0.02
Norway_001198.jpg,Norway,0,84.46,13.09,0.39,24.25,64.80,0.63,0.04
Norway_001248.jpg,Norway,2,187.65,2.90,52.99,63.14,103.42,0.39,30.41
Norway_001268.jpg,Norway,0,179.57,0.13,45.77,56.17,58.82,0.35,37.33
Norway_001305.jpg,Norway,0,146.43,0.97,28.21,55.29,54.27,0.43,17.09
Norway_001322.jpg,Norway,0,83.37,6.35,6.60,27.49,87.31,0.57,3.77
Norway_001361.jpg,Norway,0,139.61,10.83,31.40,70.69,78.09,0.52,19.57
Norway_001378.jpg,Norway,2,159.50,0.23,33.62,58.38,42.80,0.45,28.95
Norway_001386.jpg,Norway,0,138.65,6.28,27.89,66.73,34.24,0.43,25.66
Norway_001492.jpg,Norway,0,168.35,0.14,39.70,62.13,43.82,0.38,34.97
Norway_001508.jpg,Norway,0,76.40,16.48,0.50,23.15,149.09,0.90,0.06
Norway_001619.jpg,Norway,2,190.20,0.08,54.97,64.74,66.42,0.32,43.47
Norway_001703.jpg,Norway,1,119.19,8.40,16.94,58.69,41.07,0.47,13.45
Norway_001728.jpg,Norway,0,106.50,22.49,17.60,67.57,59.04,0.60,12.39
Norway_001853.jpg,Norway,0,90.83,12.14,0.40,27.75,80.91,0.69,0.02
Norway_001876.jpg,Norway,0,175.73,0.41,43.12,55.29,62.34,0.47,13.43
Norway_002026.jpg,Norway,0,104.39,6.10,0.54,19.59,73.29,0.58,0.01
Norway_002042.jpg,Norway,0,117.88,1.76,15.26,48.05,115.33,0.74,11.32
Norway_002098.jpg,Norway,0,129.49,2.41,3.71,24.92,100.90,0.65,0.13
Norway_002267.jpg,Norway,0,194.15,0.03,52.82,61.39,105.53,0.49,42.17
Norway_002296.jpg,Norway,0,186.87,0.20,42.48,45.72,93.87,0.53,25.67
Norway_002305.jpg,Norway,0,104.09,0.21,10.65,39.29,93.32,0.62,8.74
Norway_002336.jpg,Norway,0,89.59,11.10,8.85,42.01,97.61,0.68,6.94
Norway_002337.jpg,Norway,0,178.85,0.88,44.15,58.49,93.63,0.51,20.85
Norway_002340.jpg,Norway,0,116.10,13.18,23.62,68.09,73.34,0.66,14.44
Norway_002351.jpg,Norway,0,153.00,0.56,22.10,48.89,148.68,0.59,4.52
Norway_002353.jpg,Norway,1,160.44,0.54,33.85,58.01,135.77,0.69,21.32
Norway_002475.jpg,Norway,0,123.58,8.45,27.78,70.48,77.01,0.68,20.60
Norway_002490.jpg,Norway,0,101.03,7.63,0.54,24.30,62.38,0.58,0.01
Norway_002523.jpg,Norway,0,108.30,7.79,1.34,30.03,98.36,0.69,0.08
Norway_002528.jpg,Norway,0,85.69,10.57,0.43,25.42,77.62,0.68,0.01
Norway_002624.jpg,Norway,1,191.82,0.09,48.47,47.06,150.85,0.58,31.64
Norway_002710.jpg,Norway,0,105.70,5.63,0.49,24.11,89.18,0.66,0.01
Norway_002735.jpg,Norway,2,172.09,1.31,41.73,58.31,96.95,0.56,19.64
Norway_002779.jpg,Norway,0,150.32,0.06,21.90,45.15,57.17,0.47,16.94
Norway_002825.jpg,Norway,0,121.24,6.88,9.45,42.92,120.52,0.77,0.66
Norway_002844.jpg,Norway,4,147.37,0.41,25.09,53.62,31.44,0.39,22.99
Norway_002861.jpg,Norway,3,180.12,0.06,40.36,46.21,108.23,0.57,19.92
Norway_002879.jpg,Norway,0,86.73,11.76,0.22,16.72,94.11,0.70,0.02
Norway_002906.jpg,Norway,0,135.77,9.20,33.22,71.43,66.97,0.61,24.89
Norway_002912.jpg,Norway,0,92.75,12.72,0.57,33.04,117.49,0.81,0.01
Norway_003003.jpg,Norway,0,95.43,17.87,0.86,28.71,103.26,0.73,0.10
Norway_003021.jpg,Norway,0,109.54,5.90,17.99,53.40,112.37,0.71,15.37
Norway_003045.jpg,Norway,0,71.48,26.08,0.36,23.99,91.91,0.72,0.03
Norway_003080.jpg,Norway,1,73.77,26.85,6.30,40.54,40.29,0.39,4.89
Norway_003123.jpg,Norway,0,126.89,5.27,27.99,71.64,70.48,0.65,22.22
Norway_003138.jpg,Norway,2,122.02,9.28,20.97,67.82,44.24,0.49,17.87
Norway_003207.jpg,Norway,2,198.28,0.34,53.61,46.99,118.68,0.59,36.97
Norway_003314.jpg,Norway,0,72.05,34.28,0.27,29.56,51.37,0.53,0.03
Norway_003389.jpg,Norway,0,165.91,0.54,30.88,45.49,102.50,0.55,8.86
Norway_003397.jpg,Norway,0,83.12,21.11,0.39,35.95,119.78,0.81,0.07
Norway_003517.jpg,Norway,0,104.70,17.80,14.88,61.87,65.85,0.60,8.95
Norway_003604.jpg,Norway,0,182.30,0.03,38.34,42.94,127.96,0.60,21.49
Norway_003723.jpg,Norway,1,167.05,1.92,41.82,65.13,89.50,0.50,25.35
Norway_003728.jpg,Norway,0,168.17,0.63,27.01,36.05,89.12,0.53,4.19
Norway_003860.jpg,Norway,3,160.26,4.97,35.45,56.22,39.49,0.40,24.90
Norway_003879.jpg,Norway,0,79.37,19.06,0.40,29.24,87.75,0.71,0.26
Norway_003885.jpg,Norway,4,175.30,0.03,40.27,56.79,81.88,0.50,23.85
Norway_003910.jpg,Norway,5,138.76,0.53,26.23,62.25,70.78,0.46,19.43
Norway_003951.jpg,Norway,0,163.94,0.43,29.83,51.06,83.19,0.50,10.36
Norway_003995.jpg,Norway,0,159.27,4.54,21.80,45.95,72.70,0.44,1.19
Norway_004026.jpg,Norway,0,121.25,15.37,20.69,65.59,63.85,0.62,10.47
Norway_004068.jpg,Norway,0,103.35,11.03,18.24,61.08,49.24,0.53,14.83
Norway_004195.jpg,Norway,0,118.57,3.78,9.39,42.65,82.90,0.65,0.01
Norway_004213.jpg,Norway,0,85.28,11.36,0.38,24.93,96.64,0.73,0.01
Norway_004269.jpg,Norway,0,165.35,1.00,36.08,48.91,92.32,0.51,17.48
Norway_004326.jpg,Norway,4,155.13,1.47,36.67,70.85,34.01,0.44,31.86
Norway_004384.jpg,Norway,0,92.16,13.40,14.11,52.74,78.26,0.62,8.24
Norway_004485.jpg,Norway,4,156.78,1.30,35.61,67.30,59.17,0.43,31.92
Norway_004614.jpg,Norway,2,142.25,4.20,15.79,46.09,120.88,0.75,4.16
Norway_004629.jpg,Norway,0,153.30,0.74,33.58,64.38,45.50,0.39,29.62
Norway_004689.jpg,Norway,0,103.26,3.16,0.38,17.18,69.77,0.62,0.01
Norway_004714.jpg,Norway,0,156.18,0.17,30.05,51.55,49.74,0.49,26.92
Norway_004719.jpg,Norway,0,135.53,3.89,31.87,69.60,73.72,0.61,24.36
Norway_004748.jpg,Norway,0,80.43,20.10,0.36,29.88,81.18,0.69,0.08
Norway_004761.jpg,Norway,4,130.48,3.88,15.88,41.92,194.20,0.81,6.64
Norway_004790.jpg,Norway,0,82.03,17.36,0.15,33.28,95.88,0.73,0.19
Norway_004862.jpg,Norway,0,170.95,0.04,22.95,28.00,88.15,0.49,1.78
Norway_004914.jpg,Norway,0,115.13,4.72,1.38,29.02,104.20,0.75,0.03
Norway_005086.jpg,Norway,6,156.46,3.29,37.61,70.41,27.35,0.40,34.70
Norway_005105.jpg,Norway,4,118.40,15.46,24.97,69.12,66.52,0.63,16.13
Norway_005163.jpg,Norway,0,93.94,8.99,2.29,32.02,86.06,0.70,0.03
Norway_005169.jpg,Norway,0,74.68,34.25,8.26,47.48,77.96,0.65,6.70
Norway_005261.jpg,Norway,0,117.74,18.45,25.37,73.33,71.57,0.59,18.23
Norway_005271.jpg,Norway,0,169.43,0.36,33.23,56.70,88.38,0.56,10.85
Norway_005280.jpg,Norway,0,163.93,1.73,32.68,53.40,82.21,0.50,14.27
Norway_005426.jpg,Norway,1,105.40,2.86,0.50,18.44,75.68,0.62,0.01
Norway_005521.jpg,Norway,0,103.66,3.76,0.55,28.17,113.04,0.78,0.03
Norway_005534.jpg,Norway,0,77.43,22.44,0.44,30.20,80.42,0.69,0.02
Norway_005606.jpg,Norway,0,90.10,18.86,11.92,54.09,56.90,0.58,11.12
Norway_005627.jpg,Norway,0,72.32,19.84,0.25,23.35,115.95,0.80,0.04
Norway_005688.jpg,Norway,0,95.11,25.50,16.77,64.84,57.81,0.59,12.30
Norway_005704.jpg,Norway,3,161.67,0.17,21.07,38.84,66.70,0.45,4.70
Norway_005741.jpg,Norway,0,187.69,0.06,46.63,51.48,154.06,0.69,25.96
Norway_005743.jpg,Norway,4,168.66,0.59,40.48,63.83,39.75,0.45,38.65
Norway_005753.jpg,Norway,0,106.90,6.34,15.77,55.05,132.10,0.73,12.97
Norway_005762.jpg,Norway,0,101.87,5.18,0.28,21.26,118.56,0.80,0.01
Norway_005795.jpg,Norway,2,172.21,0.07,36.70,50.11,108.04,0.46,19.41
Norway_005827.jpg,Norway,2,176.82,1.19,34.81,45.97,96.55,0.49,8.36
Norway_005847.jpg,Norway,0,177.51,0.90,32.82,45.49,81.02,0.44,10.47
Norway_005887.jpg,Norway,0,118.38,8.41,23.84,64.37,113.77,0.70,20.76
Norway_005944.jpg,Norway,0,115.51,5.08,20.62,63.56,85.94,0.65,16.85
Norway_005947.jpg,Norway,0,117.14,9.37,17.24,56.29,56.38,0.57,9.16
Norway_006027.jpg,Norway,4,182.94,0.11,47.18,55.13,144.58,0.65,29.37
Norway_006125.jpg,Norway,0,91.88,9.92,3.91,38.98,101.26,0.74,0.02
Norway_006171.jpg,Norway,0,115.20,1.72,0.40,25.39,107.29,0.78,0.01
Norway_006219.jpg,Norway,5,147.32,1.31,27.07,60.88,40.35,0.46,24.04
Norway_006259.jpg,Norway,0,181.17,0.09,38.97,47.14,100.43,0.49,16.08
Norway_006260.jpg,Norway,0,71.24,24.50,0.19,24.42,73.45,0.66,0.02
Norway_006346.jpg,Norway,3,165.03,2.51,26.39,42.54,48.03,0.41,4.18
Norway_006350.jpg,Norway,0,89.71,14.89,0.17,35.19,69.63,0.64,0.01
Norway_006357.jpg,Norway,1,169.48,0.62,33.24,49.08,96.04,0.50,11.62
Norway_006388.jpg,Norway,0,183.80,0.17,46.70,55.60,70.23,0.36,36.09
Norway_006456.jpg,Norway,0,166.89,0.26,31.86,47.25,68.12,0.48,22.24
Norway_006458.jpg,Norway,0,177.15,0.95,52.18,70.05,49.79,0.36,28.06
Norway_006502.jpg,Norway,0,93.67,6.36,0.53,26.53,108.93,0.78,0.02
Norway_006525.jpg,Norway,0,168.48,0.36,36.37,51.17,61.14,0.39,28.82
Norway_006530.jpg,Norway,0,101.65,18.96,0.41,39.40,77.70,0.63,0.01
Norway_006587.jpg,Norway,1,127.67,3.25,26.15,65.69,93.46,0.73,18.52
Norway_006649.jpg,Norway,0,110.96,16.52,23.15,68.76,70.49,0.66,18.95
Norway_006694.jpg,Norway,0,112.77,11.64,21.46,65.44,75.38,0.67,13.32
Norway_006711.jpg,Norway,8,116.93,3.63,13.03,50.16,49.85,0.50,10.49
Norway_006734.jpg,Norway,0,160.59,0.06,33.41,56.31,36.12,0.33,23.94
Norway_006806.jpg,Norway,10,130.23,5.15,10.68,33.75,131.49,0.79,2.12
Norway_006826.jpg,Norway,2,89.78,10.64,0.37,27.44,102.44,0.75,0.12
Norway_006834.jpg,Norway,0,87.23,22.82,12.07,56.72,57.87,0.60,0.07
Norway_006843.jpg,Norway,0,85.57,10.01,0.26,22.45,80.81,0.70,0.01
Norway_006846.jpg,Norway,0,118.34,9.23,23.28,65.35,84.24,0.69,16.47
Norway_006872.jpg,Norway,0,99.39,11.19,0.45,28.88,98.26,0.73,0.02
Norway_007020.jpg,Norway,0,102.70,4.19,0.21,15.56,57.07,0.56,0.04
Norway_007088.jpg,Norway,0,156.89,1.40,32.23,57.78,92.96,0.55,15.97
Norway_007109.jpg,Norway,0,119.00,11.40,23.99,66.75,71.25,0.65,16.98
Norway_007170.jpg,Norway,1,94.89,16.23,13.28,54.89,58.65,0.59,10.70
Norway_007175.jpg,Norway,6,133.10,2.25,21.61,61.14,41.06,0.45,16.85
Norway_007239.jpg,Norway,1,133.85,5.79,21.47,52.15,233.95,0.87,14.10
Norway_007321.jpg,Norway,0,161.17,0.60,36.31,62.75,37.82,0.43,32.60
Norway_007371.jpg,Norway,0,166.36,0.12,26.43,45.41,120.52,0.74,13.05
Norway_007373.jpg,Norway,0,177.22,0.56,34.84,50.63,65.32,0.43,14.44
Norway_007444.jpg,Norway,0,194.43,0.03,51.61,48.40,149.75,0.58,35.69
Norway_007511.jpg,Norway,0,154.35,0.88,29.48,54.52,95.90,0.63,17.34
Norway_007514.jpg,Norway,0,149.93,0.94,25.99,46.25,141.12,0.72,11.29
Norway_007575.jpg,Norway,0,182.86,0.07,45.22,53.90,121.26,0.61,24.38
Norway_007583.jpg,Norway,0,107.05,17.40,13.24,53.35,76.66,0.64,8.86
Norway_007693.jpg,Norway,0,160.38,0.06,30.16,46.22,69.02,0.44,19.64
Norway_007796.jpg,Norway,1,180.78,0.03,41.54,50.25,104.67,0.61,22.50
Norway_007802.jpg,Norway,12,107.80,0.61,4.68,20.50,49.97,0.50,2.48
Norway_007811.jpg,Norway,7,150.64,1.34,33.29,63.11,34.40,0.39,30.14
Norway_007954.jpg,Norway,1,122.18,2.95,9.75,42.74,75.01,0.62,0.01
Norway_007966.jpg,Norway,1,106.74,19.29,18.00,61.07,68.73,0.58,12.19
Norway_007970.jpg,Norway,3,97.18,8.58,0.33,16.93,137.78,0.86,0.01
Norway_008009.jpg,Norway,0,121.79,8.05,19.75,61.26,88.72,0.72,10.78
Norway_008021.jpg,Norway,0,79.49,18.48,0.55,29.28,68.83,0.63,0.04
Norway_008034.jpg,Norway,0,94.86,12.24,1.73,30.95,86.61,0.70,0.28
Norway_008081.jpg,Norway,0,110.14,12.24,13.05,41.37,70.49,0.62,6.62
Norway_008127.jpg,Norway,0,174.07,0.36,28.89,41.89,77.44,0.47,6.73
Norway_008137.jpg,Norway,3,92.94,24.49,14.04,53.81,73.85,0.61,11.62
Norway_008146.jpg,Norway,1,109.62,18.95,17.71,55.57,58.78,0.59,12.25
United_States_000020.jpg,United_States,4,143.88,1.50,2.47,15.94,3060.06,7.26,0.27
United_States_000238.jpg,United_States,3,143.91,2.02,8.81,42.60,3488.82,8.91,0.17
United_States_000245.jpg,United_States,1,164.14,0.32,15.14,37.85,2714.32,6.79,0.44
United_States_000269.jpg,United_States,3,144.20,7.65,3.79,32.81,3013.56,6.88,0.31
United_States_000322.jpg,United_States,2,150.36,0.63,19.20,51.41,1959.33,5.26,1.31
United_States_000389.jpg,United_States,2,155.93,6.47,18.06,47.35,5779.39,11.80,1.42
United_States_000397.jpg,United_States,1,154.41,1.77,7.93,22.81,3356.49,6.88,0.87
United_States_000426.jpg,United_States,2,155.66,0.51,6.70,13.54,5492.52,12.43,0.52
United_States_000443.jpg,United_States,2,147.65,2.82,3.72,19.74,2736.65,6.78,0.30
United_States_000476.jpg,United_States,3,136.72,3.09,15.36,55.59,2097.23,5.92,0.67
United_States_000509.jpg,United_States,1,162.06,0.52,5.42,16.07,3806.53,8.58,0.38
United_States_000534.jpg,United_States,7,157.70,0.53,7.03,20.83,3025.48,8.26,0.05
United_States_000543.jpg,United_States,2,150.30,1.91,13.90,49.71,2538.91,4.67,0.72
United_States_000549.jpg,United_States,2,169.86,0.38,3.14,21.77,2843.20,7.53,0.04
United_States_000691.jpg,United_States,3,172.46,0.47,22.35,34.88,2708.64,6.37,0.86
United_States_000700.jpg,United_States,3,172.76,0.51,8.54,11.69,3171.02,6.63,0.57
United_States_000753.jpg,United_States,2,176.83,0.53,29.58,38.68,3050.82,6.68,0.23
United_States_000766.jpg,United_States,2,149.84,3.15,10.76,40.53,2851.44,6.24,0.11
United_States_000805.jpg,United_States,3,135.59,3.09,0.14,31.91,2872.91,7.87,0.12
United_States_000827.jpg,United_States,2,141.70,1.37,9.75,22.33,4339.76,9.34,1.43
United_States_000856.jpg,United_States,2,163.26,0.14,20.75,44.04,6897.79,15.41,0.70
United_States_000911.jpg,United_States,1,155.92,0.35,9.57,34.41,2114.84,5.33,0.84
United_States_000936.jpg,United_States,1,144.03,3.68,6.58,24.95,4241.78,7.18,0.59
United_States_000983.jpg,United_States,2,167.39,0.89,4.79,14.99,3416.22,7.89,0.15
United_States_001031.jpg,United_States,1,131.81,10.99,7.27,42.87,3935.23,8.49,0.52
United_States_001052.jpg,United_States,1,140.45,2.50,2.46,28.14,2129.07,5.68,0.08
United_States_001101.jpg,United_States,2,151.90,0.30,9.03,44.81,1712.89,4.96,0.01
United_States_001162.jpg,United_States,2,167.23,1.73,17.82,38.11,4060.98,9.74,0.72
United_States_001303.jpg,United_States,2,133.96,2.51,9.62,36.50,1894.57,4.46,0.32
United_States_001314.jpg,United_States,4,145.67,0.42,2.47,23.61,3093.34,7.95,0.17
United_States_001356.jpg,United_States,5,152.31,2.51,16.16,44.19,5594.99,12.85,0.79
United_States_001370.jpg,United_States,4,134.49,7.33,3.74,34.97,6953.92,15.35,0.21
United_States_001483.jpg,United_States,3,147.09,1.05,5.51,23.68,4636.68,8.50,0.22
United_States_001491.jpg,United_States,4,145.40,0.85,7.01,15.82,3653.10,8.96,0.59
United_States_001554.jpg,United_States,5,147.95,3.28,24.06,53.56,2056.53,6.04,0.13
United_States_001636.jpg,United_States,3,160.37,2.19,7.91,29.16,5718.60,13.06,0.28
United_States_001705.jpg,United_States,4,144.72,1.62,6.62,26.96,2797.99,6.90,0.58
United_States_001710.jpg,United_States,1,155.79,0.56,13.74,41.70,2259.09,6.28,0.02
United_States_001733.jpg,United_States,1,163.62,0.57,9.33,17.25,2435.72,6.37,0.82
United_States_001783.jpg,United_States,3,146.92,1.96,4.01,28.34,5119.11,10.26,0.07
United_States_001813.jpg,United_States,2,126.90,2.18,12.45,39.84,2464.84,6.25,0.52
United_States_001844.jpg,United_States,1,153.74,3.37,22.43,50.82,2533.67,7.28,0.92
United_States_001908.jpg,United_States,2,145.76,1.33,12.76,45.77,1685.42,3.87,0.67
United_States_002000.jpg,United_States,2,158.98,0.80,8.31,26.30,1960.61,4.98,0.85
United_States_002110.jpg,United_States,1,163.32,1.77,16.75,31.20,3291.90,7.58,0.49
United_States_002141.jpg,United_States,2,147.39,0.30,7.05,48.15,1808.18,5.34,0.01
United_States_002171.jpg,United_States,3,141.15,0.89,5.93,27.44,2777.85,6.00,0.21
United_States_002172.jpg,United_States,1,162.51,3.31,28.55,46.29,2734.63,7.44,1.44
United_States_002213.jpg,United_States,3,134.83,2.20,6.48,30.97,2820.14,7.72,0.15
United_States_002238.jpg,United_States,2,158.54,1.22,5.83,14.85,4828.79,9.43,0.19
United_States_002312.jpg,United_States,2,167.05,0.87,3.24,13.12,3215.61,8.88,0.14
United_States_002403.jpg,United_States,3,162.62,1.56,21.88,44.73,3234.04,8.63,1.04
United_States_002425.jpg,United_States,3,143.11,0.36,21.60,60.79,1315.10,3.64,0.92
United_States_002581.jpg,United_States,1,136.10,3.31,1.11,20.71,3613.96,8.96,0.20
United_States_002754.jpg,United_States,4,132.25,15.29,9.63,46.78,2911.88,7.26,0.86
United_States_002852.jpg,United_States,2,167.29,0.20,9.85,28.26,2864.89,6.01,0.79
United_States_002884.jpg,United_States,4,139.56,1.77,16.05,44.04,1708.96,4.13,0.70
United_States_002923.jpg,United_States,2,180.89,0.31,17.02,22.34,3720.90,7.71,0.33
United_States_002929.jpg,United_States,2,142.39,1.48,9.88,43.44,2991.24,6.31,0.78
United_States_002954.jpg,United_States,4,171.62,0.26,8.13,8.16,2655.50,6.82,0.10
United_States_002982.jpg,United_States,3,112.51,9.95,0.25,34.90,1252.37,3.10,0.05
United_States_003011.jpg,United_States,4,161.46,0.43,4.09,9.90,4175.97,10.06,0.19
United_States_003069.jpg,United_States,2,128.70,8.75,2.98,35.48,4294.20,9.59,0.57
United_States_003081.jpg,United_States,2,174.22,0.23,11.54,20.81,2615.72,7.40,0.67
United_States_003161.jpg,United_States,4,171.01,0.42,5.68,14.96,4755.20,11.26,0.14
United_States_003187.jpg,United_States,2,174.91,0.07,25.32,35.55,3910.99,9.33,0.56
United_States_003221.jpg,United_States,4,131.09,3.95,5.35,44.88,1971.62,5.13,0.34
United_States_003290.jpg,United_States,1,153.11,4.80,4.71,34.43,3716.58,8.30,0.40
United_States_003320.jpg,United_States,6,132.66,0.81,12.55,56.89,1734.99,3.61,0.79
United_States_003339.jpg,United_States,4,170.13,0.09,4.41,22.92,3636.63,9.26,0.15
United_States_003439.jpg,United_States,2,160.07,0.86,7.67,18.62,3559.25,8.59,0.65
United_States_003541.jpg,United_States,1,133.02,3.65,2.48,25.66,5488.63,11.92,0.16
United_States_003579.jpg,United_States,4,159.56,2.58,16.57,40.23,4426.26,10.37,0.31
United_States_003587.jpg,United_States,2,146.69,2.91,5.19,40.81,1635.91,4.21,0.09
United_States_003632.jpg,United_States,1,162.32,0.31,4.27,11.99,4366.02,10.50,0.19
United_States_003642.jpg,United_States,5,135.76,2.78,2.27,24.36,3203.86,7.68,0.26
United_States_003687.jpg,United_States,1,160.03,0.07,8.45,18.00,2598.46,7.14,0.61
United_States_003742.jpg,United_States,3,147.01,2.63,16.17,45.29,2021.79,4.74,0.07
United_States_003773.jpg,United_States,1,162.77,1.80,8.96,23.93,3421.52,8.11,0.38
United_States_003850.jpg,United_States,1,147.21,0.89,5.21,32.72,3015.63,8.24,0.18
United_States_003894.jpg,United_States,1,127.51,5.05,3.45,46.23,3508.46,7.66,0.13
United_States_003926.jpg,United_States,4,164.13,0.69,22.68,42.83,6990.41,15.19,1.58
United_States_003996.jpg,United_States,2,175.11,0.07,13.09,21.62,5833.37,13.49,1.12
United_States_004011.jpg,United_States,2,151.49,0.93,3.15,19.19,3159.42,7.92,0.28
United_States_004028.jpg,United_States,7,147.67,5.13,16.98,47.74,2018.06,5.56,1.46
United_States_004097.jpg,United_States,7,173.85,0.08,11.71,22.86,3178.61,8.18,0.35
United_States_004292.jpg,United_States,1,142.05,5.40,18.00,56.95,1999.63,5.04,1.19
United_States_004353.jpg,United_States,1,171.80,0.54,11.35,25.55,2658.59,7.91,0.69
United_States_004444.jpg,United_States,1,135.35,2.08,1.01,16.41,2857.40,6.99,0.06
United_States_004463.jpg,United_States,3,124.67,1.42,8.31,50.90,1225.79,2.78,0.52
United_States_004538.jpg,United_States,2,132.71,2.47,0.84,17.22,2993.09,7.18,0.05
United_States_004555.jpg,United_States,3,169.08,0.72,5.10,15.12,3992.50,10.16,0.22
United_States_004573.jpg,United_States,5,139.75,2.37,6.10,32.31,2517.21,5.68,0.39
United_States_004725.jpg,United_States,3,121.02,8.22,12.01,53.95,3104.25,7.55,0.62
United_States_004780.jpg,United_States,3,169.27,1.49,19.08,34.99,2584.83,5.74,0.16
