image_id,tags,reviewed
RDD2020:China_Drone_000035.jpg,blur,0
RDD2020:China_Drone_000041.jpg,blur,0
RDD2020:China_Drone_000209.jpg,blur,0
RDD2020:China_Drone_000211.jpg,blur,0
RDD2020:China_Drone_000228.jpg,blur,0
RDD2020:China_Drone_000230.jpg,blur,0
RDD2020:China_Drone_000297.jpg,normal,0
RDD2020:China_Drone_000308.jpg,blur,0
RDD2020:China_Drone_000327.jpg,blur,0
RDD2020:China_Drone_000350.jpg,blur,0
RDD2020:China_Drone_000474.jpg,blur,0
RDD2020:China_Drone_000525.jpg,normal,0
RDD2020:China_Drone_000590.jpg,blur,0
RDD2020:China_Drone_000680.jpg,blur,0
RDD2020:China_Drone_000692.jpg,blur,0
RDD2020:China_Drone_000701.jpg,blur,0
RDD2020:China_Drone_000723.jpg,blur,0
RDD2020:China_Drone_000743.jpg,blur,0
RDD2020:China_Drone_000785.jpg,normal,0
RDD2020:China_Drone_000790.jpg,normal,0
RDD2020:China_Drone_000823.jpg,blur,0
RDD2020:China_Drone_000826.jpg,blur,0
RDD2020:China_Drone_000923.jpg,blur,0
RDD2020:China_Drone_001040.jpg,blur,0
RDD2020:China_Drone_001041.jpg,blur,0
RDD2020:China_Drone_001057.jpg,blur,0
RDD2020:China_Drone_001198.jpg,blur,0
RDD2020:China_Drone_001327.jpg,blur,0
RDD2020:China_Drone_001368.jpg,blur,0
RDD2020:China_Drone_001406.jpg,normal,0
RDD2020:China_Drone_001473.jpg,normal,0
RDD2020:China_Drone_001501.jpg,blur,0
RDD2020:China_Drone_001560.jpg,blur,0
RDD2020:China_Drone_001615.jpg,blur;local_illumination,0
RDD2020:China_Drone_001669.jpg,blur,0
RDD2020:China_Drone_001708.jpg,blur,0
RDD2020:China_Drone_001824.jpg,normal,0
RDD2020:China_Drone_001846.jpg,blur,0
RDD2020:China_Drone_001888.jpg,blur,0
RDD2020:China_Drone_001958.jpg,blur,0
RDD2020:China_Drone_002093.jpg,normal,0
RDD2020:China_Drone_002097.jpg,blur,0
RDD2020:China_Drone_002278.jpg,blur,0
RDD2020:China_MotorBike_000017.jpg,normal,0
RDD2020:China_MotorBike_000067.jpg,normal,0
RDD2020:China_MotorBike_000083.jpg,normal,0
RDD2020:China_MotorBike_000094.jpg,normal,0
RDD2020:China_MotorBike_000129.jpg,normal,0
RDD2020:China_MotorBike_000172.jpg,normal,0
RDD2020:China_MotorBike_000239.jpg,normal,0
RDD2020:China_MotorBike_000250.jpg,normal,0
RDD2020:China_MotorBike_000255.jpg,normal,0
RDD2020:China_MotorBike_000265.jpg,normal,0
RDD2020:China_MotorBike_000323.jpg,normal,0
RDD2020:China_MotorBike_000480.jpg,normal,0
RDD2020:China_MotorBike_000541.jpg,normal,0
RDD2020:China_MotorBike_000549.jpg,normal,0
RDD2020:China_MotorBike_000553.jpg,normal,0
RDD2020:China_MotorBike_000567.jpg,normal,0
RDD2020:China_MotorBike_000600.jpg,normal,0
RDD2020:China_MotorBike_000607.jpg,normal,0
RDD2020:China_MotorBike_000647.jpg,normal,0
RDD2020:China_MotorBike_000658.jpg,normal,0
RDD2020:China_MotorBike_000675.jpg,normal,0
RDD2020:China_MotorBike_000721.jpg,normal,0
RDD2020:China_MotorBike_000788.jpg,normal,0
RDD2020:China_MotorBike_000794.jpg,normal,0
RDD2020:China_MotorBike_000815.jpg,normal,0
RDD2020:China_MotorBike_000824.jpg,normal,0
RDD2020:China_MotorBike_000853.jpg,normal,0
RDD2020:China_MotorBike_000855.jpg,normal,0
RDD2020:China_MotorBike_000866.jpg,normal,0
RDD2020:China_MotorBike_001014.jpg,normal,0
RDD2020:China_MotorBike_001025.jpg,normal,0
RDD2020:China_MotorBike_001096.jpg,normal,0
RDD2020:China_MotorBike_001241.jpg,normal,0
RDD2020:China_MotorBike_001246.jpg,normal,0
RDD2020:China_MotorBike_001259.jpg,normal,0
RDD2020:China_MotorBike_001277.jpg,normal,0
RDD2020:China_MotorBike_001339.jpg,normal,0
RDD2020:China_MotorBike_001361.jpg,normal,0
RDD2020:China_MotorBike_001497.jpg,normal,0
RDD2020:China_MotorBike_001558.jpg,normal,0
RDD2020:China_MotorBike_001559.jpg,normal,0
RDD2020:China_MotorBike_001620.jpg,normal,0
RDD2020:China_MotorBike_001662.jpg,normal,0
RDD2020:China_MotorBike_001794.jpg,normal,0
RDD2020:China_MotorBike_001814.jpg,normal,0
RDD2020:China_MotorBike_001920.jpg,normal,0
RDD2020:Czech_000429.jpg,normal,0
RDD2020:Czech_000617.jpg,normal,0
RDD2020:Czech_000694.jpg,normal,0
RDD2020:Czech_000776.jpg,normal,0
RDD2020:Czech_000947.jpg,normal,0
RDD2020:Czech_001065.jpg,normal,0
RDD2020:Czech_001106.jpg,normal,0
RDD2020:Czech_001247.jpg,normal,0
RDD2020:Czech_001327.jpg,normal,0
RDD2020:Czech_001517.jpg,normal,0
RDD2020:Czech_001579.jpg,normal,0
RDD2020:Czech_001730.jpg,normal,0
RDD2020:Czech_001786.jpg,normal,0
RDD2020:Czech_001998.jpg,normal,0
RDD2020:Czech_002013.jpg,normal,0
RDD2020:Czech_002117.jpg,normal,0
RDD2020:Czech_002121.jpg,normal,0
RDD2020:Czech_002142.jpg,normal,0
RDD2020:Czech_002332.jpg,normal,0
RDD2020:Czech_002411.jpg,normal,0
RDD2020:Czech_002454.jpg,normal,0
RDD2020:Czech_002472.jpg,normal,0
RDD2020:Czech_002476.jpg,normal,0
RDD2020:Czech_002670.jpg,normal,0
RDD2020:Czech_002697.jpg,normal,0
RDD2020:Czech_002706.jpg,normal,0
RDD2020:Czech_002732.jpg,normal,0
RDD2020:Czech_002738.jpg,normal,0
RDD2020:Czech_002769.jpg,normal,0
RDD2020:Czech_002783.jpg,normal,0
RDD2020:Czech_002786.jpg,normal,0
RDD2020:Czech_003144.jpg,normal,0
RDD2020:Czech_003262.jpg,normal,0
RDD2020:Czech_003285.jpg,local_illumination,0
RDD2020:Czech_003345.jpg,normal,0
RDD2020:Czech_003360.jpg,normal,0
RDD2020:Czech_003376.jpg,normal,0
RDD2020:Czech_003391.jpg,normal,0
RDD2020:Czech_003438.jpg,normal,0
RDD2020:Czech_003494.jpg,normal,0
RDD2020:Czech_003498.jpg,normal,0
RDD2020:Czech_003500.jpg,normal,0
RDD2020:India_000047.jpg,normal,0
RDD2020:India_000317.jpg,normal,0
RDD2020:India_000376.jpg,normal,0
RDD2020:India_000606.jpg,blur,0
RDD2020:India_000618.jpg,normal,0
RDD2020:India_000806.jpg,normal,0
RDD2020:India_000851.jpg,blur,0
RDD2020:India_000913.jpg,normal,0
RDD2020:India_000919.jpg,normal,0
RDD2020:India_000922.jpg,blur,0
RDD2020:India_000997.jpg,normal,0
RDD2020:India_001037.jpg,normal,0
RDD2020:India_001380.jpg,normal,0
RDD2020:India_001400.jpg,normal,0
RDD2020:India_001497.jpg,normal,0
RDD2020:India_001517.jpg,blur,0
RDD2020:India_001599.jpg,blur,0
RDD2020:India_001604.jpg,local_illumination,0
RDD2020:India_001609.jpg,normal,0
RDD2020:India_001633.jpg,normal,0
RDD2020:India_001702.jpg,blur,0
RDD2020:India_001735.jpg,blur,0
RDD2020:India_001767.jpg,normal,0
RDD2020:India_001785.jpg,blur,0
RDD2020:India_001820.jpg,normal,0
RDD2020:India_001936.jpg,blur,0
RDD2020:India_001939.jpg,normal,0
RDD2020:India_001962.jpg,normal,0
RDD2020:India_002022.jpg,local_illumination,0
RDD2020:India_002028.jpg,blur,0
RDD2020:India_002085.jpg,normal,0
RDD2020:India_002128.jpg,blur,0
RDD2020:India_002135.jpg,blur,0
RDD2020:India_002143.jpg,normal,0
RDD2020:India_002211.jpg,normal,0
RDD2020:India_002288.jpg,normal,0
RDD2020:India_002320.jpg,normal,0
RDD2020:India_002387.jpg,normal,0
RDD2020:India_002504.jpg,normal,0
RDD2020:India_002554.jpg,blur,0
RDD2020:India_002590.jpg,normal,0
RDD2020:India_002610.jpg,normal,0
RDD2020:India_002614.jpg,normal,0
RDD2020:India_002618.jpg,blur,0
RDD2020:India_002662.jpg,blur,0
RDD2020:India_002678.jpg,normal,0
RDD2020:India_002750.jpg,normal,0
RDD2020:India_002798.jpg,normal,0
RDD2020:India_002825.jpg,blur,0
RDD2020:India_002860.jpg,normal,0
RDD2020:India_002875.jpg,blur,0
RDD2020:India_003021.jpg,blur,0
RDD2020:India_003074.jpg,blur,0
RDD2020:India_003094.jpg,normal,0
RDD2020:India_003130.jpg,normal,0
RDD2020:India_003161.jpg,normal,0
RDD2020:India_003265.jpg,blur,0
RDD2020:India_003289.jpg,normal,0
RDD2020:India_003338.jpg,normal,0
RDD2020:India_003430.jpg,normal,0
RDD2020:India_003575.jpg,normal,0
RDD2020:India_003577.jpg,blur,0
RDD2020:India_003589.jpg,blur,0
RDD2020:India_003595.jpg,normal,0
RDD2020:India_003672.jpg,normal,0
RDD2020:India_003674.jpg,blur,0
RDD2020:India_003738.jpg,normal,0
RDD2020:India_003741.jpg,blur,0
RDD2020:India_003758.jpg,normal,0
RDD2020:India_003806.jpg,blur,0
RDD2020:India_003811.jpg,normal,0
RDD2020:India_003822.jpg,normal,0
RDD2020:India_003831.jpg,normal,0
RDD2020:India_003866.jpg,blur,0
RDD2020:India_003937.jpg,normal,0
RDD2020:India_003949.jpg,normal,0
RDD2020:India_003959.jpg,normal,0
RDD2020:India_003975.jpg,local_illumination,0
RDD2020:India_004015.jpg,normal,0
RDD2020:India_004035.jpg,normal,0
RDD2020:India_004051.jpg,normal,0
RDD2020:India_004091.jpg,normal,0
RDD2020:India_004155.jpg,normal,0
RDD2020:India_004193.jpg,normal,0
RDD2020:India_004231.jpg,normal,0
RDD2020:India_004279.jpg,normal,0
RDD2020:India_004375.jpg,normal,0
RDD2020:India_004425.jpg,normal,0
RDD2020:India_004431.jpg,normal,0
RDD2020:India_004437.jpg,normal,0
RDD2020:India_004530.jpg,normal,0
RDD2020:India_004556.jpg,normal,0
RDD2020:India_004571.jpg,blur,0
RDD2020:India_004742.jpg,blur,0
RDD2020:India_004764.jpg,blur,0
RDD2020:India_004913.jpg,normal,0
RDD2020:India_004920.jpg,normal,0
RDD2020:India_005058.jpg,normal,0
RDD2020:India_005080.jpg,normal,0
RDD2020:India_005087.jpg,blur,0
RDD2020:India_005296.jpg,blur,0
RDD2020:India_005308.jpg,normal,0
RDD2020:India_005318.jpg,normal,0
RDD2020:India_005618.jpg,normal,0
RDD2020:India_005659.jpg,normal,0
RDD2020:India_005676.jpg,blur,0
RDD2020:India_005729.jpg,blur,0
RDD2020:India_005742.jpg,normal,0
RDD2020:India_005902.jpg,normal,0
RDD2020:India_006079.jpg,blur,0
RDD2020:India_006091.jpg,normal,0
RDD2020:India_006238.jpg,blur,0
RDD2020:India_006295.jpg,normal,0
RDD2020:India_006357.jpg,normal,0
RDD2020:India_006600.jpg,blur,0
RDD2020:India_006645.jpg,normal,0
RDD2020:India_006663.jpg,normal,0
RDD2020:India_006808.jpg,blur,0
RDD2020:India_006845.jpg,normal,0
RDD2020:India_006896.jpg,normal,0
RDD2020:India_006909.jpg,blur,0
RDD2020:India_006919.jpg,normal,0
RDD2020:India_007007.jpg,normal,0
RDD2020:India_007013.jpg,normal,0
RDD2020:India_007135.jpg,normal,0
RDD2020:India_007171.jpg,blur,0
RDD2020:India_007220.jpg,blur,0
RDD2020:India_007377.jpg,normal,0
RDD2020:India_007404.jpg,blur,0
RDD2020:India_007407.jpg,normal,0
RDD2020:India_007416.jpg,blur,0
RDD2020:India_007423.jpg,normal,0
RDD2020:India_007451.jpg,blur,0
RDD2020:India_007497.jpg,normal,0
RDD2020:India_007612.jpg,blur,0
RDD2020:India_007613.jpg,normal,0
RDD2020:India_007702.jpg,normal,0
RDD2020:India_007947.jpg,blur,0
RDD2020:India_007955.jpg,blur,0
RDD2020:India_007978.jpg,normal,0
RDD2020:India_008126.jpg,normal,0
RDD2020:India_008129.jpg,normal,0
RDD2020:India_008189.jpg,normal,0
RDD2020:India_008227.jpg,normal,0
RDD2020:India_008238.jpg,blur,0
RDD2020:India_008296.jpg,normal,0
RDD2020:India_008301.jpg,normal,0
RDD2020:India_008385.jpg,local_illumination,0
RDD2020:India_008627.jpg,blur,0
RDD2020:India_008631.jpg,normal,0
RDD2020:India_008702.jpg,normal,0
RDD2020:India_008720.jpg,normal,0
RDD2020:India_008762.jpg,normal,0
RDD2020:India_008802.jpg,normal,0
RDD2020:India_008847.jpg,normal,0
RDD2020:India_008852.jpg,local_illumination,0
RDD2020:India_008986.jpg,blur,0
RDD2020:India_009057.jpg,blur,0
RDD2020:India_009071.jpg,blur,0
RDD2020:India_009143.jpg,blur,0
RDD2020:India_009282.jpg,normal,0
RDD2020:India_009476.jpg,blur,0
RDD2020:India_009660.jpg,normal,0
RDD2020:India_009796.jpg,normal,0
RDD2020:India_009799.jpg,blur,0
RDD2020:India_009838.jpg,normal,0
RDD2020:India_009880.jpg,blur,0
RDD2020:Japan_000015.jpg,normal,0
RDD2020:Japan_000079.jpg,normal,0
RDD2020:Japan_000081.jpg,normal,0
RDD2020:Japan_000092.jpg,normal,0
RDD2020:Japan_000110.jpg,normal,0
RDD2020:Japan_000121.jpg,normal,0
RDD2020:Japan_000130.jpg,normal,0
RDD2020:Japan_000238.jpg,normal,0
RDD2020:Japan_000253.jpg,normal,0
RDD2020:Japan_000318.jpg,normal,0
RDD2020:Japan_000361.jpg,normal,0
RDD2020:Japan_000376.jpg,blur,0
RDD2020:Japan_000400.jpg,normal,0
RDD2020:Japan_000404.jpg,normal,0
RDD2020:Japan_000407.jpg,normal,0
RDD2020:Japan_000474.jpg,normal,0
RDD2020:Japan_000509.jpg,normal,0
RDD2020:Japan_000602.jpg,normal,0
RDD2020:Japan_000611.jpg,local_illumination,0
RDD2020:Japan_000643.jpg,normal,0
RDD2020:Japan_000852.jpg,normal,0
RDD2020:Japan_000881.jpg,local_illumination,0
RDD2020:Japan_000896.jpg,normal,0
RDD2020:Japan_001063.jpg,normal,0
RDD2020:Japan_001066.jpg,normal,0
RDD2020:Japan_001134.jpg,blur,0
RDD2020:Japan_001180.jpg,normal,0
RDD2020:Japan_001239.jpg,normal,0
RDD2020:Japan_001262.jpg,normal,0
RDD2020:Japan_001282.jpg,normal,0
RDD2020:Japan_001625.jpg,normal,0
RDD2020:Japan_001665.jpg,normal,0
RDD2020:Japan_001690.jpg,blur,0
RDD2020:Japan_001713.jpg,normal,0
RDD2020:Japan_001738.jpg,normal,0
RDD2020:Japan_001806.jpg,blur,0
RDD2020:Japan_001855.jpg,normal,0
RDD2020:Japan_001874.jpg,normal,0
RDD2020:Japan_002104.jpg,normal,0
RDD2020:Japan_002128.jpg,normal,0
RDD2020:Japan_002195.jpg,blur,0
RDD2020:Japan_002225.jpg,blur,0
RDD2020:Japan_002306.jpg,normal,0
RDD2020:Japan_002314.jpg,blur,0
RDD2020:Japan_002357.jpg,normal,0
RDD2020:Japan_002472.jpg,normal,0
RDD2020:Japan_002550.jpg,normal,0
RDD2020:Japan_002552.jpg,normal,0
RDD2020:Japan_002560.jpg,normal,0
RDD2020:Japan_002561.jpg,normal,0
RDD2020:Japan_002601.jpg,normal,0
RDD2020:Japan_002845.jpg,normal,0
RDD2020:Japan_002863.jpg,normal,0
RDD2020:Japan_002871.jpg,normal,0
RDD2020:Japan_002889.jpg,normal,0
RDD2020:Japan_003021.jpg,normal,0
RDD2020:Japan_003057.jpg,normal,0
RDD2020:Japan_003139.jpg,normal,0
RDD2020:Japan_003155.jpg,normal,0
RDD2020:Japan_003194.jpg,normal,0
RDD2020:Japan_003244.jpg,normal,0
RDD2020:Japan_003271.jpg,normal,0
RDD2020:Japan_003429.jpg,normal,0
RDD2020:Japan_003487.jpg,normal,0
RDD2020:Japan_003537.jpg,normal,0
RDD2020:Japan_003631.jpg,normal,0
RDD2020:Japan_003643.jpg,normal,0
RDD2020:Japan_003656.jpg,normal,0
RDD2020:Japan_003657.jpg,normal,0
RDD2020:Japan_003663.jpg,normal,0
RDD2020:Japan_003716.jpg,normal,0
RDD2020:Japan_003822.jpg,blur,0
RDD2020:Japan_003865.jpg,normal,0
RDD2020:Japan_003947.jpg,blur,0
RDD2020:Japan_004023.jpg,normal,0
RDD2020:Japan_004038.jpg,normal,0
RDD2020:Japan_004104.jpg,normal,0
RDD2020:Japan_004183.jpg,normal,0
RDD2020:Japan_004219.jpg,normal,0
RDD2020:Japan_004346.jpg,normal,0
RDD2020:Japan_004351.jpg,normal,0
RDD2020:Japan_004405.jpg,normal,0
RDD2020:Japan_004447.jpg,normal,0
RDD2020:Japan_004501.jpg,normal,0
RDD2020:Japan_004567.jpg,normal,0
RDD2020:Japan_004597.jpg,normal,0
RDD2020:Japan_004614.jpg,normal,0
RDD2020:Japan_004621.jpg,blur,0
RDD2020:Japan_004634.jpg,normal,0
RDD2020:Japan_004650.jpg,normal,0
RDD2020:Japan_004741.jpg,normal,0
RDD2020:Japan_004774.jpg,normal,0
RDD2020:Japan_004778.jpg,normal,0
RDD2020:Japan_004820.jpg,normal,0
RDD2020:Japan_004914.jpg,normal,0
RDD2020:Japan_004928.jpg,normal,0
RDD2020:Japan_005050.jpg,normal,0
RDD2020:Japan_005054.jpg,normal,0
RDD2020:Japan_005096.jpg,normal,0
RDD2020:Japan_005448.jpg,blur,0
RDD2020:Japan_005472.jpg,normal,0
RDD2020:Japan_005477.jpg,blur,0
RDD2020:Japan_005515.jpg,normal,0
RDD2020:Japan_005545.jpg,normal,0
RDD2020:Japan_005601.jpg,blur,0
RDD2020:Japan_005727.jpg,normal,0
RDD2020:Japan_005791.jpg,normal,0
RDD2020:Japan_005807.jpg,normal,0
RDD2020:Japan_005850.jpg,normal,0
RDD2020:Japan_005972.jpg,normal,0
RDD2020:Japan_006040.jpg,normal,0
RDD2020:Japan_006087.jpg,normal,0
RDD2020:Japan_006206.jpg,normal,0
RDD2020:Japan_006267.jpg,blur,0
RDD2020:Japan_006380.jpg,normal,0
RDD2020:Japan_006485.jpg,blur,0
RDD2020:Japan_006635.jpg,normal,0
RDD2020:Japan_006701.jpg,normal,0
RDD2020:Japan_006742.jpg,blur,0
RDD2020:Japan_006794.jpg,blur,0
RDD2020:Japan_006839.jpg,normal,0
RDD2020:Japan_006899.jpg,blur,0
RDD2020:Japan_006901.jpg,normal,0
RDD2020:Japan_006968.jpg,normal,0
RDD2020:Japan_007019.jpg,normal,0
RDD2020:Japan_007035.jpg,normal,0
RDD2020:Japan_007038.jpg,normal,0
RDD2020:Japan_007041.jpg,normal,0
RDD2020:Japan_007043.jpg,normal,0
RDD2020:Japan_007090.jpg,normal,0
RDD2020:Japan_007278.jpg,normal,0
RDD2020:Japan_007296.jpg,normal,0
RDD2020:Japan_007338.jpg,normal,0
RDD2020:Japan_007377.jpg,normal,0
RDD2020:Japan_007483.jpg,blur,0
RDD2020:Japan_007527.jpg,normal,0
RDD2020:Japan_007536.jpg,normal,0
RDD2020:Japan_007557.jpg,normal,0
RDD2020:Japan_007751.jpg,normal,0
RDD2020:Japan_007992.jpg,normal,0
RDD2020:Japan_008016.jpg,normal,0
RDD2020:Japan_008055.jpg,normal,0
RDD2020:Japan_008079.jpg,blur,0
RDD2020:Japan_008159.jpg,normal,0
RDD2020:Japan_008198.jpg,normal,0
RDD2020:Japan_008205.jpg,normal,0
RDD2020:Japan_008364.jpg,blur,0
RDD2020:Japan_008380.jpg,blur,0
RDD2020:Japan_008406.jpg,blur,0
RDD2020:Japan_008413.jpg,local_illumination,0
RDD2020:Japan_008495.jpg,normal,0
RDD2020:Japan_008542.jpg,normal,0
RDD2020:Japan_008561.jpg,normal,0
RDD2020:Japan_008627.jpg,normal,0
RDD2020:Japan_008749.jpg,normal,0
RDD2020:Japan_008884.jpg,normal,0
RDD2020:Japan_008887.jpg,normal,0
RDD2020:Japan_008916.jpg,normal,0
RDD2020:Japan_008942.jpg,normal,0
RDD2020:Japan_008951.jpg,normal,0
RDD2020:Japan_008998.jpg,normal,0
RDD2020:Japan_009054.jpg,normal,0
RDD2020:Japan_009124.jpg,normal,0
RDD2020:Japan_009301.jpg,local_illumination,0
RDD2020:Japan_009325.jpg,normal,0
RDD2020:Japan_009345.jpg,blur,0
RDD2020:Japan_009384.jpg,normal,0
RDD2020:Japan_009404.jpg,normal,0
RDD2020:Japan_009408.jpg,normal,0
RDD2020:Japan_009521.jpg,normal,0
RDD2020:Japan_009565.jpg,normal,0
RDD2020:Japan_009660.jpg,blur,0
RDD2020:Japan_009738.jpg,normal,0
RDD2020:Japan_009798.jpg,normal,0
RDD2020:Japan_009814.jpg,normal,0
RDD2020:Japan_009824.jpg,normal,0
RDD2020:Japan_009892.jpg,local_illumination,0
RDD2020:Japan_009896.jpg,normal,0
RDD2020:Japan_010021.jpg,normal,0
RDD2020:Japan_010051.jpg,local_illumination,0
RDD2020:Japan_010121.jpg,blur,0
RDD2020:Japan_010138.jpg,normal,0
RDD2020:Japan_010255.jpg,normal,0
RDD2020:Japan_010371.jpg,normal,0
RDD2020:Japan_010373.jpg,normal,0
RDD2020:Japan_010377.jpg,normal,0
RDD2020:Japan_010451.jpg,normal,0
RDD2020:Japan_010568.jpg,normal,0
RDD2020:Japan_010611.jpg,normal,0
RDD2020:Japan_010662.jpg,normal,0
RDD2020:Japan_010733.jpg,normal,0
RDD2020:Japan_010769.jpg,normal,0
RDD2020:Japan_010837.jpg,normal,0
RDD2020:Japan_010946.jpg,normal,0
RDD2020:Japan_010974.jpg,normal,0
RDD2020:Japan_010985.jpg,normal,0
RDD2020:Japan_011115.jpg,normal,0
RDD2020:Japan_011120.jpg,normal,0
RDD2020:Japan_011152.jpg,normal,0
RDD2020:Japan_011279.jpg,normal,0
RDD2020:Japan_011306.jpg,normal,0
RDD2020:Japan_011316.jpg,normal,0
RDD2020:Japan_011346.jpg,normal,0
RDD2020:Japan_011386.jpg,normal,0
RDD2020:Japan_011439.jpg,blur,0
RDD2020:Japan_011576.jpg,normal,0
RDD2020:Japan_011645.jpg,normal,0
RDD2020:Japan_011682.jpg,normal,0
RDD2020:Japan_011733.jpg,normal,0
RDD2020:Japan_011838.jpg,normal,0
RDD2020:Japan_011891.jpg,normal,0
RDD2020:Japan_011895.jpg,normal,0
RDD2020:Japan_011914.jpg,normal,0
RDD2020:Japan_011936.jpg,normal,0
RDD2020:Japan_011939.jpg,normal,0
RDD2020:Japan_011972.jpg,normal,0
RDD2020:Japan_012029.jpg,normal,0
RDD2020:Japan_012049.jpg,blur,0
RDD2020:Japan_012054.jpg,normal,0
RDD2020:Japan_012089.jpg,normal,0
RDD2020:Japan_012234.jpg,normal,0
RDD2020:Japan_012332.jpg,blur,0
RDD2020:Japan_012354.jpg,normal,0
RDD2020:Japan_012357.jpg,normal,0
RDD2020:Japan_012389.jpg,local_illumination,0
RDD2020:Japan_012453.jpg,normal,0
RDD2020:Japan_012477.jpg,normal,0
RDD2020:Japan_012521.jpg,normal,0
RDD2020:Japan_012546.jpg,normal,0
RDD2020:Japan_012651.jpg,normal,0
RDD2020:Japan_012735.jpg,normal,0
RDD2020:Japan_012794.jpg,normal,0
RDD2020:Japan_012797.jpg,normal,0
RDD2020:Japan_012874.jpg,normal,0
RDD2020:Japan_013032.jpg,normal,0
RDD2020:Japan_013066.jpg,normal,0
RDD2020:Norway_000024.jpg,local_illumination,0
RDD2020:Norway_000056.jpg,normal,0
RDD2020:Norway_000169.jpg,normal,0
RDD2020:Norway_000215.jpg,normal,0
RDD2020:Norway_000260.jpg,normal,0
RDD2020:Norway_000277.jpg,normal,0
RDD2020:Norway_000293.jpg,normal,0
RDD2020:Norway_000299.jpg,normal,0
RDD2020:Norway_000380.jpg,normal,0
RDD2020:Norway_000456.jpg,normal,0
RDD2020:Norway_000492.jpg,normal,0
RDD2020:Norway_000659.jpg,normal,0
RDD2020:Norway_000673.jpg,normal,0
RDD2020:Norway_000706.jpg,local_illumination,0
RDD2020:Norway_000721.jpg,normal,0
RDD2020:Norway_000803.jpg,normal,0
RDD2020:Norway_000891.jpg,normal,0
RDD2020:Norway_001120.jpg,normal,0
RDD2020:Norway_001144.jpg,normal,0
RDD2020:Norway_001198.jpg,normal,0
RDD2020:Norway_001248.jpg,local_illumination,0
RDD2020:Norway_001268.jpg,local_illumination,0
RDD2020:Norway_001305.jpg,normal,0
RDD2020:Norway_001322.jpg,normal,0
RDD2020:Norway_001361.jpg,normal,0
RDD2020:Norway_001378.jpg,normal,0
RDD2020:Norway_001386.jpg,normal,0
RDD2020:Norway_001492.jpg,normal,0
RDD2020:Norway_001508.jpg,normal,0
RDD2020:Norway_001619.jpg,local_illumination,0
RDD2020:Norway_001703.jpg,normal,0
RDD2020:Norway_001728.jpg,normal,0
RDD2020:Norway_001853.jpg,normal,0
RDD2020:Norway_001876.jpg,local_illumination,0
RDD2020:Norway_002026.jpg,normal,0
RDD2020:Norway_002042.jpg,normal,0
RDD2020:Norway_002098.jpg,normal,0
RDD2020:Norway_002267.jpg,local_illumination,0
RDD2020:Norway_002296.jpg,normal,0
RDD2020:Norway_002305.jpg,normal,0
RDD2020:Norway_002336.jpg,normal,0
RDD2020:Norway_002337.jpg,normal,0
RDD2020:Norway_002340.jpg,normal,0
RDD2020:Norway_002351.jpg,normal,0
RDD2020:Norway_002353.jpg,normal,0
RDD2020:Norway_002475.jpg,normal,0
RDD2020:Norway_002490.jpg,normal,0
RDD2020:Norway_002523.jpg,normal,0
RDD2020:Norway_002528.jpg,normal,0
RDD2020:Norway_002624.jpg,local_illumination,0
RDD2020:Norway_002710.jpg,normal,0
RDD2020:Norway_002735.jpg,local_illumination,0
RDD2020:Norway_002779.jpg,normal,0
RDD2020:Norway_002825.jpg,normal,0
RDD2020:Norway_002844.jpg,normal,0
RDD2020:Norway_002861.jpg,normal,0
RDD2020:Norway_002879.jpg,normal,0
RDD2020:Norway_002906.jpg,normal,0
RDD2020:Norway_002912.jpg,normal,0
RDD2020:Norway_003003.jpg,normal,0
RDD2020:Norway_003021.jpg,normal,0
RDD2020:Norway_003045.jpg,normal,0
RDD2020:Norway_003080.jpg,normal,0
RDD2020:Norway_003123.jpg,normal,0
RDD2020:Norway_003138.jpg,normal,0
RDD2020:Norway_003207.jpg,normal,0
RDD2020:Norway_003314.jpg,normal,0
RDD2020:Norway_003389.jpg,normal,0
RDD2020:Norway_003397.jpg,normal,0
RDD2020:Norway_003517.jpg,normal,0
RDD2020:Norway_003604.jpg,normal,0
RDD2020:Norway_003723.jpg,local_illumination,0
RDD2020:Norway_003728.jpg,normal,0
RDD2020:Norway_003860.jpg,normal,0
RDD2020:Norway_003879.jpg,normal,0
RDD2020:Norway_003885.jpg,normal,0
RDD2020:Norway_003910.jpg,normal,0
RDD2020:Norway_003951.jpg,local_illumination,0
RDD2020:Norway_003995.jpg,local_illumination,0
RDD2020:Norway_004026.jpg,normal,0
RDD2020:Norway_004068.jpg,normal,0
RDD2020:Norway_004195.jpg,normal,0
RDD2020:Norway_004213.jpg,normal,0
RDD2020:Norway_004269.jpg,local_illumination,0
RDD2020:Norway_004326.jpg,normal,0
RDD2020:Norway_004384.jpg,normal,0
RDD2020:Norway_004485.jpg,normal,0
RDD2020:Norway_004614.jpg,normal,0
RDD2020:Norway_004629.jpg,normal,0
RDD2020:Norway_004689.jpg,normal,0
RDD2020:Norway_004714.jpg,normal,0
RDD2020:Norway_004719.jpg,normal,0
RDD2020:Norway_004748.jpg,normal,0
RDD2020:Norway_004761.jpg,normal,0
RDD2020:Norway_004790.jpg,normal,0
RDD2020:Norway_004862.jpg,normal,0
RDD2020:Norway_004914.jpg,normal,0
RDD2020:Norway_005086.jpg,normal,0
RDD2020:Norway_005105.jpg,normal,0
RDD2020:Norway_005163.jpg,normal,0
RDD2020:Norway_005169.jpg,normal,0
RDD2020:Norway_005261.jpg,normal,0
RDD2020:Norway_005271.jpg,normal,0
RDD2020:Norway_005280.jpg,local_illumination,0
RDD2020:Norway_005426.jpg,normal,0
RDD2020:Norway_005521.jpg,normal,0
RDD2020:Norway_005534.jpg,normal,0
RDD2020:Norway_005606.jpg,normal,0
RDD2020:Norway_005627.jpg,normal,0
RDD2020:Norway_005688.jpg,normal,0
RDD2020:Norway_005704.jpg,local_illumination,0
RDD2020:Norway_005741.jpg,local_illumination,0
RDD2020:Norway_005743.jpg,normal,0
RDD2020:Norway_005753.jpg,normal,0
RDD2020:Norway_005762.jpg,normal,0
RDD2020:Norway_005795.jpg,normal,0
RDD2020:Norway_005827.jpg,local_illumination,0
RDD2020:Norway_005847.jpg,normal,0
RDD2020:Norway_005887.jpg,normal,0
RDD2020:Norway_005944.jpg,normal,0
RDD2020:Norway_005947.jpg,normal,0
RDD2020:Norway_006027.jpg,local_illumination,0
RDD2020:Norway_006125.jpg,normal,0
RDD2020:Norway_006171.jpg,normal,0
RDD2020:Norway_006219.jpg,normal,0
RDD2020:Norway_006259.jpg,local_illumination,0
RDD2020:Norway_006260.jpg,normal,0
RDD2020:Norway_006346.jpg,normal,0
RDD2020:Norway_006350.jpg,normal,0
RDD2020:Norway_006357.jpg,local_illumination,0
RDD2020:Norway_006388.jpg,normal,0
RDD2020:Norway_006456.jpg,normal,0
RDD2020:Norway_006458.jpg,local_illumination,0
RDD2020:Norway_006502.jpg,normal,0
RDD2020:Norway_006525.jpg,normal,0
RDD2020:Norway_006530.jpg,normal,0
RDD2020:Norway_006587.jpg,normal,0
RDD2020:Norway_006649.jpg,normal,0
RDD2020:Norway_006694.jpg,normal,0
RDD2020:Norway_006711.jpg,normal,0
RDD2020:Norway_006734.jpg,normal,0
RDD2020:Norway_006806.jpg,normal,0
RDD2020:Norway_006826.jpg,normal,0
RDD2020:Norway_006834.jpg,normal,0
RDD2020:Norway_006843.jpg,normal,0
RDD2020:Norway_006846.jpg,normal,0
RDD2020:Norway_006872.jpg,normal,0
RDD2020:Norway_007020.jpg,normal,0
RDD2020:Norway_007088.jpg,normal,0
RDD2020:Norway_007109.jpg,normal,0
RDD2020:Norway_007170.jpg,normal,0
RDD2020:Norway_007175.jpg,normal,0
RDD2020:Norway_007239.jpg,normal,0
RDD2020:Norway_007321.jpg,normal,0
RDD2020:Norway_007371.jpg,normal,0
RDD2020:Norway_007373.jpg,local_illumination,0
RDD2020:Norway_007444.jpg,local_illumination,0
RDD2020:Norway_007511.jpg,normal,0
RDD2020:Norway_007514.jpg,normal,0
RDD2020:Norway_007575.jpg,local_illumination,0
RDD2020:Norway_007583.jpg,normal,0
RDD2020:Norway_007693.jpg,normal,0
RDD2020:Norway_007796.jpg,normal,0
RDD2020:Norway_007802.jpg,normal,0
RDD2020:Norway_007811.jpg,normal,0
RDD2020:Norway_007954.jpg,normal,0
RDD2020:Norway_007966.jpg,normal,0
RDD2020:Norway_007970.jpg,normal,0
RDD2020:Norway_008009.jpg,normal,0
RDD2020:Norway_008021.jpg,normal,0
RDD2020:Norway_008034.jpg,normal,0
RDD2020:Norway_008081.jpg,normal,0
RDD2020:Norway_008127.jpg,normal,0
RDD2020:Norway_008137.jpg,normal,0
RDD2020:Norway_008146.jpg,normal,0
RDD2020:United_States_000020.jpg,normal,0
RDD2020:United_States_000238.jpg,normal,0
RDD2020:United_States_000245.jpg,normal,0
RDD2020:United_States_000269.jpg,local_illumination,0
RDD2020:United_States_000322.jpg,normal,0
RDD2020:United_States_000389.jpg,normal,0
RDD2020:United_States_000397.jpg,normal,0
RDD2020:United_States_000426.jpg,normal,0
RDD2020:United_States_000443.jpg,normal,0
RDD2020:United_States_000476.jpg,normal,0
RDD2020:United_States_000509.jpg,normal,0
RDD2020:United_States_000534.jpg,normal,0
RDD2020:United_States_000543.jpg,normal,0
RDD2020:United_States_000549.jpg,normal,0
RDD2020:United_States_000691.jpg,normal,0
RDD2020:United_States_000700.jpg,normal,0
RDD2020:United_States_000753.jpg,normal,0
RDD2020:United_States_000766.jpg,normal,0
RDD2020:United_States_000805.jpg,normal,0
RDD2020:United_States_000827.jpg,normal,0
RDD2020:United_States_000856.jpg,normal,0
RDD2020:United_States_000911.jpg,local_illumination,0
RDD2020:United_States_000936.jpg,normal,0
RDD2020:United_States_000983.jpg,normal,0
RDD2020:United_States_001031.jpg,normal,0
RDD2020:United_States_001052.jpg,normal,0
RDD2020:United_States_001101.jpg,normal,0
RDD2020:United_States_001162.jpg,normal,0
RDD2020:United_States_001303.jpg,normal,0
RDD2020:United_States_001314.jpg,normal,0
RDD2020:United_States_001356.jpg,normal,0
RDD2020:United_States_001370.jpg,local_illumination,0
RDD2020:United_States_001483.jpg,normal,0
RDD2020:United_States_001491.jpg,normal,0
RDD2020:United_States_001554.jpg,normal,0
RDD2020:United_States_001636.jpg,normal,0
RDD2020:United_States_001705.jpg,normal,0
RDD2020:United_States_001710.jpg,normal,0
RDD2020:United_States_001733.jpg,normal,0
RDD2020:United_States_001783.jpg,normal,0
RDD2020:United_States_001813.jpg,normal,0
RDD2020:United_States_001844.jpg,normal,0
RDD2020:United_States_001908.jpg,normal,0
RDD2020:United_States_002000.jpg,normal,0
RDD2020:United_States_002110.jpg,normal,0
RDD2020:United_States_002141.jpg,normal,0
RDD2020:United_States_002171.jpg,normal,0
RDD2020:United_States_002172.jpg,normal,0
RDD2020:United_States_002213.jpg,normal,0
RDD2020:United_States_002238.jpg,normal,0
RDD2020:United_States_002312.jpg,normal,0
RDD2020:United_States_002403.jpg,normal,0
RDD2020:United_States_002425.jpg,normal,0
RDD2020:United_States_002581.jpg,normal,0
RDD2020:United_States_002754.jpg,normal,0
RDD2020:United_States_002852.jpg,normal,0
RDD2020:United_States_002884.jpg,normal,0
RDD2020:United_States_002923.jpg,normal,0
RDD2020:United_States_002929.jpg,normal,0
RDD2020:United_States_002954.jpg,normal,0
RDD2020:United_States_002982.jpg,normal,0
RDD2020:United_States_003011.jpg,normal,0
RDD2020:United_States_003069.jpg,local_illumination,0
RDD2020:United_States_003081.jpg,normal,0
RDD2020:United_States_003161.jpg,normal,0
RDD2020:United_States_003187.jpg,normal,0
RDD2020:United_States_003221.jpg,normal,0
RDD2020:United_States_003290.jpg,local_illumination,0
RDD2020:United_States_003320.jpg,normal,0
RDD2020:United_States_003339.jpg,normal,0
RDD2020:United_States_003439.jpg,normal,0
RDD2020:United_States_003541.jpg,normal,0
RDD2020:United_States_003579.jpg,normal,0
RDD2020:United_States_003587.jpg,normal,0
RDD2020:United_States_003632.jpg,normal,0
RDD2020:United_States_003642.jpg,normal,0
RDD2020:United_States_003687.jpg,normal,0
RDD2020:United_States_003742.jpg,normal,0
RDD2020:United_States_003773.jpg,normal,0
RDD2020:United_States_003850.jpg,normal,0
RDD2020:United_States_003894.jpg,normal,0
RDD2020:United_States_003926.jpg,normal,0
RDD2020:United_States_003996.jpg,normal,0
RDD2020:United_States_004011.jpg,normal,0
RDD2020:United_States_004028.jpg,normal,0
RDD2020:United_States_004097.jpg,normal,0
RDD2020:United_States_004292.jpg,normal,0
RDD2020:United_States_004353.jpg,normal,0
RDD2020:United_States_004444.jpg,normal,0
RDD2020:United_States_004463.jpg,normal,0
RDD2020:United_States_004538.jpg,normal,0
RDD2020:United_States_004555.jpg,normal,0
RDD2020:United_States_004573.jpg,normal,0
RDD2020:United_States_004725.jpg,normal,0
RDD2020:United_States_004780.jpg,normal,0
