when,run,config,dataset,n_images,limit,condition,detector,crack_gt,crack_hit,crack_fake,crack_recall,crack_precision,crack_f1,crack_fake_per_img,pothole_gt,pothole_hit,pothole_fake,pothole_recall,pothole_precision,pothole_f1,pothole_fake_per_img,code,note
2026-10-08 12:07,run_20261008_120711,baseline,rdd_dev,563,,P1,D0,744,207,2914,0.2782,0.0663,0.1071,5.18,94,2,729,0.0213,0.0027,0.0048,1.29,기록 전 실행,A2 단계 0: 기준선 — 수업 기술만 (감마 + 가우시안 + Canny)
2026-10-08 12:07,run_20261008_120739,old_main,rdd_dev,563,,none,D1vl,744,268,3097,0.3602,0.0796,0.1304,5.5,94,1,2642,0.0106,0.0004,0.0007,4.69,기록 전 실행,A2 참고: 이전 주 검출기 (Black-hat + 양쪽 확인 + 잇기 15px)
2026-10-08 12:08,run_20261008_120836,a2_hessian,rdd_dev,563,,none,D1hv,744,452,17625,0.6075,0.025,0.048,31.31,94,1,2642,0.0106,0.0004,0.0007,4.69,기록 전 실행,A2 단계 2: Hessian 찾기 + 1px 묶기 + 모양 규칙 (×0.2)
2026-10-07 12:45,run_20261007_124550,a2_roadcue,rdd_dev,563,,none,D1hv,744,423,6326,0.5685,0.0627,0.1129,11.24,94,1,2642,0.0106,0.0004,0.0007,4.69,기록 전 실행,A2 단계 3: + 노면 단서 3개
2026-10-07 17:28,run_20261007_172835,a2_scalemean,rdd_dev,563,,none,D1hv,744,407,5652,0.547,0.0672,0.1197,10.04,94,1,2642,0.0106,0.0004,0.0007,4.69,기록 전 실행,A2 단계 4: + 크기 평균 (논문 ③) = S1
2026-10-08 00:23,run_20261008_002335,a2_tensor,rdd_dev,563,,none,D1hv,744,434,6271,0.5833,0.0647,0.1165,11.14,94,1,2642,0.0106,0.0004,0.0007,4.69,기록 전 실행,A2 단계 5: + 텐서 전파 · 중심선 수정 (논문 ④⑤) = P2-b
2026-10-08 00:50,run_20261008_005056,p2bd,rdd_dev,563,,none,D1hv,744,425,5221,0.5712,0.0753,0.133,9.27,94,1,2642,0.0106,0.0004,0.0007,4.69,기록 전 실행,A2 단계 6: + 깊이 = P2b+D (검출기 최종)
2026-10-08 07:15,run_20261008_071523,g2,rdd_dev,563,,none,D1hv,744,380,3218,0.5108,0.1056,0.175,5.72,94,1,2642,0.0106,0.0004,0.0007,4.69,기록 전 실행,A2 단계 7: + 가이드 필터 ε = 분산 = G2 (전처리 제안)
2026-10-08 13:30,run_20261008_133058,gf3,rdd_dev,563,,none,D1hv,744,413,3545,0.5551,0.1043,0.1757,6.3,94,1,2642,0.0106,0.0004,0.0007,4.69,기록 전 실행,"가이드 필터 ε = 분산 × 2 = GF3 (튜닝 · 검증으로 고름, 전처리 제안)"
2026-10-08 12:07,run_20261008_120708,baseline,rdd_test,241,,P1,D0,369,94,1326,0.2547,0.0662,0.1051,5.5,39,2,307,0.0513,0.0065,0.0115,1.27,기록 전 실행,A2 단계 0 (테스트)
2026-10-08 12:07,run_20261008_120720,old_main,rdd_test,241,,none,D1vl,369,121,1202,0.3279,0.0915,0.143,4.99,39,3,1090,0.0769,0.0027,0.0053,4.52,기록 전 실행,A2 참고 (테스트)
2026-10-08 12:07,run_20261008_120744,a2_hessian,rdd_test,241,,none,D1hv,369,194,6794,0.5257,0.0278,0.0527,28.19,39,3,1090,0.0769,0.0027,0.0053,4.52,기록 전 실행,A2 단계 2 (테스트)
2026-10-08 12:08,run_20261008_120832,a2_roadcue,rdd_test,241,,none,D1hv,369,179,2564,0.4851,0.0653,0.115,10.64,39,3,1090,0.0769,0.0027,0.0053,4.52,기록 전 실행,A2 단계 3 (테스트)
2026-10-08 12:09,run_20261008_120927,a2_scalemean,rdd_test,241,,none,D1hv,369,171,2378,0.4634,0.0671,0.1172,9.87,39,3,1090,0.0769,0.0027,0.0053,4.52,기록 전 실행,A2 단계 4 (테스트)
2026-10-08 12:10,run_20261008_121019,a2_tensor,rdd_test,241,,none,D1hv,369,183,2611,0.4959,0.0655,0.1157,10.83,39,3,1090,0.0769,0.0027,0.0053,4.52,기록 전 실행,A2 단계 5 (테스트)
2026-10-08 12:13,run_20261008_121354,p2bd,rdd_test,241,,none,D1hv,369,178,2148,0.4824,0.0765,0.1321,8.91,39,3,1090,0.0769,0.0027,0.0053,4.52,기록 전 실행,A2 단계 6 (테스트) — 검출기 최종
2026-10-08 07:27,run_20261008_072732,g2,rdd_test,241,,none,D1hv,369,165,1268,0.4472,0.1151,0.1831,5.26,39,3,1090,0.0769,0.0027,0.0053,4.52,기록 전 실행,테스트 첫 번째 사용 (G2)
2026-10-08 13:43,run_20261008_134345,gf3,rdd_test,241,,none,D1hv,369,178,1445,0.4824,0.1097,0.1787,6.0,39,3,1090,0.0769,0.0027,0.0053,4.52,기록 전 실행,테스트 두 번째 사용 (GF3) — 튜닝 · 검증으로 고른 뒤
