image,source,group,has_damage,n_crack,n_pothole,split
China_Drone_000035.jpg,China_Drone,blur,1,2,0,dev
China_Drone_000041.jpg,China_Drone,blur,0,0,0,dev
China_Drone_000209.jpg,China_Drone,blur,1,2,0,test
China_Drone_000211.jpg,China_Drone,blur,1,4,0,dev
China_Drone_000228.jpg,China_Drone,blur,1,2,0,dev
China_Drone_000230.jpg,China_Drone,blur,1,2,0,dev
China_Drone_000297.jpg,China_Drone,normal,1,2,0,test
China_Drone_000308.jpg,China_Drone,blur,1,2,0,test
China_Drone_000327.jpg,China_Drone,blur,0,0,0,dev
China_Drone_000350.jpg,China_Drone,blur,0,0,0,test
China_Drone_000474.jpg,China_Drone,blur,1,5,0,dev
China_Drone_000525.jpg,China_Drone,normal,1,2,0,dev
China_Drone_000590.jpg,China_Drone,blur,1,1,0,dev
China_Drone_000680.jpg,China_Drone,blur,0,0,0,dev
China_Drone_000692.jpg,China_Drone,blur,1,1,0,test
China_Drone_000701.jpg,China_Drone,blur,0,0,0,dev
China_Drone_000723.jpg,China_Drone,blur,0,0,0,dev
China_Drone_000743.jpg,China_Drone,blur,1,1,0,dev
China_Drone_000785.jpg,China_Drone,normal,1,1,0,dev
China_Drone_000790.jpg,China_Drone,normal,1,1,0,test
China_Drone_000823.jpg,China_Drone,blur,1,5,0,dev
China_Drone_000826.jpg,China_Drone,blur,1,1,0,test
China_Drone_000923.jpg,China_Drone,blur,0,0,0,dev
China_Drone_001040.jpg,China_Drone,blur,1,4,0,dev
China_Drone_001041.jpg,China_Drone,blur,1,2,0,dev
China_Drone_001057.jpg,China_Drone,blur,1,1,0,dev
China_Drone_001198.jpg,China_Drone,blur,1,1,0,dev
China_Drone_001327.jpg,China_Drone,blur,1,1,0,dev
China_Drone_001368.jpg,China_Drone,blur,1,2,0,dev
China_Drone_001406.jpg,China_Drone,normal,1,1,0,dev
China_Drone_001473.jpg,China_Drone,normal,1,1,0,dev
China_Drone_001501.jpg,China_Drone,blur,1,1,0,test
China_Drone_001560.jpg,China_Drone,blur,0,0,0,dev
China_Drone_001615.jpg,China_Drone,blur,0,0,0,test
China_Drone_001669.jpg,China_Drone,blur,1,1,0,dev
China_Drone_001708.jpg,China_Drone,blur,1,1,0,dev
China_Drone_001824.jpg,China_Drone,normal,1,1,0,dev
China_Drone_001846.jpg,China_Drone,blur,1,1,0,test
China_Drone_001888.jpg,China_Drone,blur,1,3,0,dev
China_Drone_001958.jpg,China_Drone,blur,0,0,0,test
China_Drone_002093.jpg,China_Drone,normal,1,1,0,test
China_Drone_002097.jpg,China_Drone,blur,0,0,0,test
China_Drone_002278.jpg,China_Drone,blur,0,0,0,dev
China_MotorBike_000017.jpg,China_MotorBike,normal,1,3,0,test
China_MotorBike_000067.jpg,China_MotorBike,normal,1,3,0,dev
China_MotorBike_000083.jpg,China_MotorBike,normal,1,1,0,dev
China_MotorBike_000094.jpg,China_MotorBike,normal,1,2,0,dev
China_MotorBike_000129.jpg,China_MotorBike,normal,1,1,0,dev
China_MotorBike_000172.jpg,China_MotorBike,normal,1,2,0,test
China_MotorBike_000239.jpg,China_MotorBike,normal,1,3,0,test
China_MotorBike_000250.jpg,China_MotorBike,normal,1,1,0,dev
China_MotorBike_000255.jpg,China_MotorBike,normal,1,1,0,dev
China_MotorBike_000265.jpg,China_MotorBike,normal,1,1,0,dev
China_MotorBike_000323.jpg,China_MotorBike,normal,1,2,0,dev
China_MotorBike_000480.jpg,China_MotorBike,normal,1,3,0,dev
China_MotorBike_000541.jpg,China_MotorBike,normal,1,1,0,dev
China_MotorBike_000549.jpg,China_MotorBike,normal,1,3,0,dev
China_MotorBike_000553.jpg,China_MotorBike,normal,1,3,1,test
China_MotorBike_000567.jpg,China_MotorBike,normal,1,2,1,dev
China_MotorBike_000600.jpg,China_MotorBike,normal,1,4,0,dev
China_MotorBike_000607.jpg,China_MotorBike,normal,1,1,0,dev
China_MotorBike_000647.jpg,China_MotorBike,normal,1,2,0,test
China_MotorBike_000658.jpg,China_MotorBike,normal,1,7,0,dev
China_MotorBike_000675.jpg,China_MotorBike,normal,1,3,0,dev
China_MotorBike_000721.jpg,China_MotorBike,normal,1,1,0,test
China_MotorBike_000788.jpg,China_MotorBike,normal,1,7,0,dev
China_MotorBike_000794.jpg,China_MotorBike,normal,1,2,0,dev
China_MotorBike_000815.jpg,China_MotorBike,normal,0,0,0,dev
China_MotorBike_000824.jpg,China_MotorBike,normal,1,4,0,dev
China_MotorBike_000853.jpg,China_MotorBike,normal,1,3,0,dev
China_MotorBike_000855.jpg,China_MotorBike,normal,1,3,0,test
China_MotorBike_000866.jpg,China_MotorBike,normal,1,2,0,test
China_MotorBike_001014.jpg,China_MotorBike,normal,1,1,0,dev
China_MotorBike_001025.jpg,China_MotorBike,normal,1,3,0,test
China_MotorBike_001096.jpg,China_MotorBike,normal,1,2,0,dev
China_MotorBike_001241.jpg,China_MotorBike,normal,1,6,0,dev
China_MotorBike_001246.jpg,China_MotorBike,normal,1,3,2,dev
China_MotorBike_001259.jpg,China_MotorBike,normal,1,1,0,test
China_MotorBike_001277.jpg,China_MotorBike,normal,1,4,0,test
China_MotorBike_001339.jpg,China_MotorBike,normal,1,4,0,dev
China_MotorBike_001361.jpg,China_MotorBike,normal,1,2,0,dev
China_MotorBike_001497.jpg,China_MotorBike,normal,1,2,0,dev
China_MotorBike_001558.jpg,China_MotorBike,normal,1,4,0,dev
China_MotorBike_001559.jpg,China_MotorBike,normal,1,1,0,dev
China_MotorBike_001620.jpg,China_MotorBike,normal,1,2,0,dev
China_MotorBike_001662.jpg,China_MotorBike,normal,1,7,1,test
China_MotorBike_001794.jpg,China_MotorBike,normal,1,0,1,test
China_MotorBike_001814.jpg,China_MotorBike,normal,1,2,0,dev
China_MotorBike_001920.jpg,China_MotorBike,normal,1,3,0,test
Czech_000429.jpg,Czech,normal,1,2,0,test
Czech_000617.jpg,Czech,normal,0,0,0,dev
Czech_000694.jpg,Czech,normal,1,2,0,dev
Czech_000776.jpg,Czech,normal,0,0,0,dev
Czech_000947.jpg,Czech,normal,0,0,0,dev
Czech_001065.jpg,Czech,normal,1,1,0,dev
Czech_001106.jpg,Czech,normal,0,0,0,test
Czech_001247.jpg,Czech,normal,1,1,0,test
Czech_001327.jpg,Czech,normal,1,1,0,dev
Czech_001517.jpg,Czech,normal,1,1,0,dev
Czech_001579.jpg,Czech,normal,1,2,0,test
Czech_001730.jpg,Czech,normal,0,0,0,dev
Czech_001786.jpg,Czech,normal,0,0,0,dev
Czech_001998.jpg,Czech,normal,1,1,0,test
Czech_002013.jpg,Czech,normal,1,2,2,test
Czech_002117.jpg,Czech,normal,1,1,0,dev
Czech_002121.jpg,Czech,normal,0,0,0,test
Czech_002142.jpg,Czech,normal,0,0,0,test
Czech_002332.jpg,Czech,normal,0,0,0,dev
Czech_002411.jpg,Czech,normal,0,0,0,test
Czech_002454.jpg,Czech,normal,0,0,0,dev
Czech_002472.jpg,Czech,normal,1,1,0,dev
Czech_002476.jpg,Czech,normal,0,0,0,dev
Czech_002670.jpg,Czech,normal,0,0,0,dev
Czech_002697.jpg,Czech,normal,0,0,0,test
Czech_002706.jpg,Czech,normal,0,0,0,dev
Czech_002732.jpg,Czech,normal,1,1,0,dev
Czech_002738.jpg,Czech,normal,1,2,0,dev
Czech_002769.jpg,Czech,normal,1,1,0,dev
Czech_002783.jpg,Czech,normal,1,2,0,test
Czech_002786.jpg,Czech,normal,0,0,0,dev
Czech_003144.jpg,Czech,normal,1,1,0,dev
Czech_003262.jpg,Czech,normal,0,0,0,test
Czech_003285.jpg,Czech,local_illumination,1,1,1,dev
Czech_003345.jpg,Czech,normal,1,2,0,dev
Czech_003360.jpg,Czech,normal,0,0,0,dev
Czech_003376.jpg,Czech,normal,1,1,0,dev
Czech_003391.jpg,Czech,normal,1,1,0,dev
Czech_003438.jpg,Czech,normal,0,0,0,dev
Czech_003494.jpg,Czech,normal,1,1,0,dev
Czech_003498.jpg,Czech,normal,0,0,0,dev
Czech_003500.jpg,Czech,normal,1,1,1,dev
India_000047.jpg,India,normal,0,0,0,dev
India_000317.jpg,India,normal,1,2,1,dev
India_000376.jpg,India,normal,0,0,0,test
India_000606.jpg,India,blur,0,0,0,dev
India_000618.jpg,India,normal,1,1,2,dev
India_000806.jpg,India,normal,0,0,0,dev
India_000851.jpg,India,blur,0,0,0,dev
India_000913.jpg,India,normal,0,0,0,dev
India_000919.jpg,India,normal,1,2,0,dev
India_000922.jpg,India,blur,1,1,0,dev
India_000997.jpg,India,normal,1,0,1,dev
India_001037.jpg,India,normal,1,2,1,dev
India_001380.jpg,India,normal,0,0,0,dev
India_001400.jpg,India,normal,1,1,0,dev
India_001497.jpg,India,normal,0,0,0,dev
India_001517.jpg,India,blur,1,1,0,dev
India_001599.jpg,India,blur,1,1,0,dev
India_001604.jpg,India,local_illumination,1,3,2,dev
India_001609.jpg,India,normal,0,0,0,dev
India_001633.jpg,India,normal,0,0,0,test
India_001702.jpg,India,blur,1,1,0,dev
India_001735.jpg,India,blur,0,0,0,test
India_001767.jpg,India,normal,1,0,1,test
India_001785.jpg,India,blur,0,0,0,dev
India_001820.jpg,India,normal,1,0,3,test
India_001936.jpg,India,blur,0,0,0,dev
India_001939.jpg,India,normal,1,0,2,dev
India_001962.jpg,India,normal,0,0,0,dev
India_002022.jpg,India,local_illumination,1,1,0,dev
India_002028.jpg,India,blur,0,0,0,dev
India_002085.jpg,India,normal,1,0,1,dev
India_002128.jpg,India,blur,0,0,0,dev
India_002135.jpg,India,blur,1,0,1,dev
India_002143.jpg,India,normal,1,1,0,dev
India_002211.jpg,India,normal,1,2,0,dev
India_002288.jpg,India,normal,0,0,0,test
India_002320.jpg,India,normal,1,2,0,dev
India_002387.jpg,India,normal,0,0,0,dev
India_002504.jpg,India,normal,0,0,0,test
India_002554.jpg,India,blur,0,0,0,dev
India_002590.jpg,India,normal,0,0,0,dev
India_002610.jpg,India,normal,0,0,0,dev
India_002614.jpg,India,normal,1,2,0,dev
India_002618.jpg,India,blur,1,1,0,test
India_002662.jpg,India,blur,0,0,0,test
India_002678.jpg,India,normal,1,1,1,dev
India_002750.jpg,India,normal,0,0,0,dev
India_002798.jpg,India,normal,0,0,0,dev
India_002825.jpg,India,blur,0,0,0,dev
India_002860.jpg,India,normal,1,0,1,dev
India_002875.jpg,India,blur,1,1,1,test
India_003021.jpg,India,blur,0,0,0,dev
India_003074.jpg,India,blur,0,0,0,test
India_003094.jpg,India,normal,1,1,0,dev
India_003130.jpg,India,normal,0,0,0,test
India_003161.jpg,India,normal,1,0,3,test
India_003265.jpg,India,blur,1,1,0,test
India_003289.jpg,India,normal,0,0,0,dev
India_003338.jpg,India,normal,0,0,0,dev
India_003430.jpg,India,normal,0,0,0,test
India_003575.jpg,India,normal,0,0,0,dev
India_003577.jpg,India,blur,0,0,0,dev
India_003589.jpg,India,blur,1,1,0,dev
India_003595.jpg,India,normal,0,0,0,dev
India_003672.jpg,India,normal,0,0,0,dev
India_003674.jpg,India,blur,1,3,0,dev
India_003738.jpg,India,normal,1,3,0,dev
India_003741.jpg,India,blur,1,1,6,dev
India_003758.jpg,India,normal,0,0,0,dev
India_003806.jpg,India,blur,1,1,2,dev
India_003811.jpg,India,normal,0,0,0,dev
India_003822.jpg,India,normal,0,0,0,test
India_003831.jpg,India,normal,1,1,0,dev
India_003866.jpg,India,blur,0,0,0,dev
India_003937.jpg,India,normal,0,0,0,dev
India_003949.jpg,India,normal,0,0,0,dev
India_003959.jpg,India,normal,0,0,0,dev
India_003975.jpg,India,local_illumination,1,3,2,test
India_004015.jpg,India,normal,0,0,0,dev
India_004035.jpg,India,normal,1,2,0,test
India_004051.jpg,India,normal,1,2,0,test
India_004091.jpg,India,normal,1,0,2,dev
India_004155.jpg,India,normal,0,0,0,dev
India_004193.jpg,India,normal,1,1,0,dev
India_004231.jpg,India,normal,0,0,0,test
India_004279.jpg,India,normal,0,0,0,test
India_004375.jpg,India,normal,1,1,0,dev
India_004425.jpg,India,normal,0,0,0,dev
India_004431.jpg,India,normal,0,0,0,dev
India_004437.jpg,India,normal,1,1,0,dev
India_004530.jpg,India,normal,0,0,0,test
India_004556.jpg,India,normal,1,1,1,dev
India_004571.jpg,India,blur,1,1,0,test
India_004742.jpg,India,blur,0,0,0,test
India_004764.jpg,India,blur,0,0,0,test
India_004913.jpg,India,normal,0,0,0,test
India_004920.jpg,India,normal,1,2,0,dev
India_005058.jpg,India,normal,0,0,0,test
India_005080.jpg,India,normal,1,0,1,test
India_005087.jpg,India,blur,0,0,0,dev
India_005296.jpg,India,blur,0,0,0,dev
India_005308.jpg,India,normal,0,0,0,dev
India_005318.jpg,India,normal,0,0,0,dev
India_005618.jpg,India,normal,0,0,0,dev
India_005659.jpg,India,normal,0,0,0,test
India_005676.jpg,India,blur,1,2,2,test
India_005729.jpg,India,blur,0,0,0,test
India_005742.jpg,India,normal,0,0,0,test
India_005902.jpg,India,normal,0,0,0,dev
India_006079.jpg,India,blur,0,0,0,dev
India_006091.jpg,India,normal,1,1,0,dev
India_006238.jpg,India,blur,1,4,0,test
India_006295.jpg,India,normal,1,1,3,dev
India_006357.jpg,India,normal,0,0,0,dev
India_006600.jpg,India,blur,0,0,0,dev
India_006645.jpg,India,normal,1,1,0,dev
India_006663.jpg,India,normal,1,1,0,dev
India_006808.jpg,India,blur,1,0,1,dev
India_006845.jpg,India,normal,1,0,1,dev
India_006896.jpg,India,normal,1,0,1,dev
India_006909.jpg,India,blur,0,0,0,dev
India_006919.jpg,India,normal,0,0,0,dev
India_007007.jpg,India,normal,1,1,1,test
India_007013.jpg,India,normal,0,0,0,dev
India_007135.jpg,India,normal,0,0,0,test
India_007171.jpg,India,blur,1,2,0,dev
India_007220.jpg,India,blur,0,0,0,test
India_007377.jpg,India,normal,1,1,0,dev
India_007404.jpg,India,blur,1,0,1,dev
India_007407.jpg,India,normal,0,0,0,dev
India_007416.jpg,India,blur,0,0,0,test
India_007423.jpg,India,normal,0,0,0,dev
India_007451.jpg,India,blur,0,0,0,dev
India_007497.jpg,India,normal,1,1,0,test
India_007612.jpg,India,blur,0,0,0,test
India_007613.jpg,India,normal,0,0,0,dev
India_007702.jpg,India,normal,1,1,0,test
India_007947.jpg,India,blur,0,0,0,dev
India_007955.jpg,India,blur,1,1,1,dev
India_007978.jpg,India,normal,0,0,0,test
India_008126.jpg,India,normal,0,0,0,test
India_008129.jpg,India,normal,0,0,0,dev
India_008189.jpg,India,normal,0,0,0,dev
India_008227.jpg,India,normal,1,2,1,test
India_008238.jpg,India,blur,1,2,0,dev
India_008296.jpg,India,normal,1,1,1,test
India_008301.jpg,India,normal,1,3,2,test
India_008385.jpg,India,local_illumination,1,3,0,dev
India_008627.jpg,India,blur,1,0,2,dev
India_008631.jpg,India,normal,0,0,0,dev
India_008702.jpg,India,normal,0,0,0,dev
India_008720.jpg,India,normal,0,0,0,test
India_008762.jpg,India,normal,1,1,4,test
India_008802.jpg,India,normal,1,2,1,dev
India_008847.jpg,India,normal,1,2,0,dev
India_008852.jpg,India,local_illumination,1,2,1,dev
India_008986.jpg,India,blur,1,1,0,test
India_009057.jpg,India,blur,0,0,0,dev
India_009071.jpg,India,blur,1,0,2,dev
India_009143.jpg,India,blur,0,0,0,dev
India_009282.jpg,India,normal,1,1,0,dev
India_009476.jpg,India,blur,0,0,0,dev
India_009660.jpg,India,normal,0,0,0,test
India_009796.jpg,India,normal,0,0,0,dev
India_009799.jpg,India,blur,0,0,0,test
India_009838.jpg,India,normal,0,0,0,dev
India_009880.jpg,India,blur,1,1,0,dev
Japan_000015.jpg,Japan,normal,1,2,0,dev
Japan_000079.jpg,Japan,normal,1,2,0,test
Japan_000081.jpg,Japan,normal,1,3,1,test
Japan_000092.jpg,Japan,normal,0,0,0,test
Japan_000110.jpg,Japan,normal,1,2,0,dev
Japan_000121.jpg,Japan,normal,0,0,0,dev
Japan_000130.jpg,Japan,normal,1,2,0,test
Japan_000238.jpg,Japan,normal,1,1,0,dev
Japan_000253.jpg,Japan,normal,1,1,0,dev
Japan_000318.jpg,Japan,normal,1,1,0,test
Japan_000361.jpg,Japan,normal,1,2,0,test
Japan_000376.jpg,Japan,blur,1,4,0,dev
Japan_000400.jpg,Japan,normal,1,1,0,dev
Japan_000404.jpg,Japan,normal,1,1,0,dev
Japan_000407.jpg,Japan,normal,1,1,0,dev
Japan_000474.jpg,Japan,normal,0,0,0,dev
Japan_000509.jpg,Japan,normal,1,1,0,dev
Japan_000602.jpg,Japan,normal,1,1,0,test
Japan_000611.jpg,Japan,local_illumination,1,1,0,dev
Japan_000643.jpg,Japan,normal,1,1,0,test
Japan_000852.jpg,Japan,normal,1,4,0,dev
Japan_000881.jpg,Japan,local_illumination,1,1,1,dev
Japan_000896.jpg,Japan,normal,1,2,0,test
Japan_001063.jpg,Japan,normal,1,2,1,dev
Japan_001066.jpg,Japan,normal,1,4,0,dev
Japan_001134.jpg,Japan,blur,1,4,0,test
Japan_001180.jpg,Japan,normal,1,1,2,dev
Japan_001239.jpg,Japan,normal,1,2,0,test
Japan_001262.jpg,Japan,normal,1,0,1,dev
Japan_001282.jpg,Japan,normal,0,0,0,dev
Japan_001625.jpg,Japan,normal,1,5,0,dev
Japan_001665.jpg,Japan,normal,1,1,0,test
Japan_001690.jpg,Japan,blur,1,6,0,test
Japan_001713.jpg,Japan,normal,1,2,0,test
Japan_001738.jpg,Japan,normal,0,0,0,test
Japan_001806.jpg,Japan,blur,1,2,0,dev
Japan_001855.jpg,Japan,normal,0,0,0,dev
Japan_001874.jpg,Japan,normal,1,1,0,dev
Japan_002104.jpg,Japan,normal,1,4,0,dev
Japan_002128.jpg,Japan,normal,0,0,0,dev
Japan_002195.jpg,Japan,blur,1,4,0,dev
Japan_002225.jpg,Japan,blur,1,1,0,dev
Japan_002306.jpg,Japan,normal,1,3,0,test
Japan_002314.jpg,Japan,blur,1,1,0,dev
Japan_002357.jpg,Japan,normal,1,2,1,dev
Japan_002472.jpg,Japan,normal,1,1,0,dev
Japan_002550.jpg,Japan,normal,0,0,0,test
Japan_002552.jpg,Japan,normal,1,4,0,test
Japan_002560.jpg,Japan,normal,1,1,0,test
Japan_002561.jpg,Japan,normal,1,2,0,dev
Japan_002601.jpg,Japan,normal,0,0,0,dev
Japan_002845.jpg,Japan,normal,1,2,0,dev
Japan_002863.jpg,Japan,normal,1,3,0,dev
Japan_002871.jpg,Japan,normal,1,2,1,test
Japan_002889.jpg,Japan,normal,1,1,0,dev
Japan_003021.jpg,Japan,normal,1,2,0,dev
Japan_003057.jpg,Japan,normal,1,3,0,test
Japan_003139.jpg,Japan,normal,1,7,0,dev
Japan_003155.jpg,Japan,normal,1,1,0,test
Japan_003194.jpg,Japan,normal,1,1,0,dev
Japan_003244.jpg,Japan,normal,0,0,0,test
Japan_003271.jpg,Japan,normal,0,0,0,dev
Japan_003429.jpg,Japan,normal,0,0,0,dev
Japan_003487.jpg,Japan,normal,1,6,0,dev
Japan_003537.jpg,Japan,normal,1,1,0,dev
Japan_003631.jpg,Japan,normal,1,2,0,dev
Japan_003643.jpg,Japan,normal,1,2,0,test
Japan_003656.jpg,Japan,normal,0,0,0,dev
Japan_003657.jpg,Japan,normal,0,0,0,test
Japan_003663.jpg,Japan,normal,0,0,0,dev
Japan_003716.jpg,Japan,normal,1,1,0,dev
Japan_003822.jpg,Japan,blur,1,1,0,test
Japan_003865.jpg,Japan,normal,1,1,1,dev
Japan_003947.jpg,Japan,blur,1,4,0,test
Japan_004023.jpg,Japan,normal,1,2,1,dev
Japan_004038.jpg,Japan,normal,1,2,0,dev
Japan_004104.jpg,Japan,normal,1,1,0,dev
Japan_004183.jpg,Japan,normal,1,3,0,test
Japan_004219.jpg,Japan,normal,1,5,0,dev
Japan_004346.jpg,Japan,normal,1,2,0,dev
Japan_004351.jpg,Japan,normal,1,1,0,dev
Japan_004405.jpg,Japan,normal,1,1,0,dev
Japan_004447.jpg,Japan,normal,1,1,0,dev
Japan_004501.jpg,Japan,normal,1,2,0,test
Japan_004567.jpg,Japan,normal,1,1,3,dev
Japan_004597.jpg,Japan,normal,1,2,0,dev
Japan_004614.jpg,Japan,normal,0,0,0,dev
Japan_004621.jpg,Japan,blur,1,2,0,dev
Japan_004634.jpg,Japan,normal,0,0,0,dev
Japan_004650.jpg,Japan,normal,1,1,0,test
Japan_004741.jpg,Japan,normal,1,2,0,test
Japan_004774.jpg,Japan,normal,1,1,0,test
Japan_004778.jpg,Japan,normal,0,0,0,test
Japan_004820.jpg,Japan,normal,1,1,0,dev
Japan_004914.jpg,Japan,normal,1,0,2,dev
Japan_004928.jpg,Japan,normal,1,1,0,dev
Japan_005050.jpg,Japan,normal,1,1,0,dev
Japan_005054.jpg,Japan,normal,1,0,1,test
Japan_005096.jpg,Japan,normal,1,3,0,test
Japan_005448.jpg,Japan,blur,1,6,0,dev
Japan_005472.jpg,Japan,normal,1,3,0,dev
Japan_005477.jpg,Japan,blur,1,6,0,dev
Japan_005515.jpg,Japan,normal,1,0,1,dev
Japan_005545.jpg,Japan,normal,1,3,0,dev
Japan_005601.jpg,Japan,blur,1,3,0,dev
Japan_005727.jpg,Japan,normal,0,0,0,dev
Japan_005791.jpg,Japan,normal,0,0,0,dev
Japan_005807.jpg,Japan,normal,1,5,0,dev
Japan_005850.jpg,Japan,normal,1,1,0,test
Japan_005972.jpg,Japan,normal,1,2,0,dev
Japan_006040.jpg,Japan,normal,0,0,0,test
Japan_006087.jpg,Japan,normal,1,3,0,dev
Japan_006206.jpg,Japan,normal,0,0,0,test
Japan_006267.jpg,Japan,blur,1,5,0,test
Japan_006380.jpg,Japan,normal,1,1,0,dev
Japan_006485.jpg,Japan,blur,1,1,0,dev
Japan_006635.jpg,Japan,normal,0,0,0,test
Japan_006701.jpg,Japan,normal,1,1,0,dev
Japan_006742.jpg,Japan,blur,1,1,0,test
Japan_006794.jpg,Japan,blur,1,3,0,dev
Japan_006839.jpg,Japan,normal,1,8,0,dev
Japan_006899.jpg,Japan,blur,1,1,0,dev
Japan_006901.jpg,Japan,normal,1,3,0,dev
Japan_006968.jpg,Japan,normal,1,2,1,dev
Japan_007019.jpg,Japan,normal,1,1,0,dev
Japan_007035.jpg,Japan,normal,1,2,0,dev
Japan_007038.jpg,Japan,normal,1,1,0,dev
Japan_007041.jpg,Japan,normal,0,0,0,dev
Japan_007043.jpg,Japan,normal,1,1,0,dev
Japan_007090.jpg,Japan,normal,1,2,2,dev
Japan_007278.jpg,Japan,normal,0,0,0,dev
Japan_007296.jpg,Japan,normal,1,1,0,test
Japan_007338.jpg,Japan,normal,1,0,4,test
Japan_007377.jpg,Japan,normal,0,0,0,dev
Japan_007483.jpg,Japan,blur,1,1,0,dev
Japan_007527.jpg,Japan,normal,1,3,0,test
Japan_007536.jpg,Japan,normal,1,1,0,test
Japan_007557.jpg,Japan,normal,1,2,2,dev
Japan_007751.jpg,Japan,normal,1,2,0,dev
Japan_007992.jpg,Japan,normal,1,1,2,dev
Japan_008016.jpg,Japan,normal,0,0,0,dev
Japan_008055.jpg,Japan,normal,0,0,0,dev
Japan_008079.jpg,Japan,blur,1,0,3,dev
Japan_008159.jpg,Japan,normal,1,2,1,dev
Japan_008198.jpg,Japan,normal,1,2,1,dev
Japan_008205.jpg,Japan,normal,1,2,0,dev
Japan_008364.jpg,Japan,blur,1,1,0,test
Japan_008380.jpg,Japan,blur,1,4,0,dev
Japan_008406.jpg,Japan,blur,1,1,0,dev
Japan_008413.jpg,Japan,local_illumination,0,0,0,test
Japan_008495.jpg,Japan,normal,1,3,3,dev
Japan_008542.jpg,Japan,normal,0,0,0,dev
Japan_008561.jpg,Japan,normal,1,1,0,test
Japan_008627.jpg,Japan,normal,1,2,0,test
Japan_008749.jpg,Japan,normal,1,4,0,test
Japan_008884.jpg,Japan,normal,0,0,0,dev
Japan_008887.jpg,Japan,normal,0,0,0,test
Japan_008916.jpg,Japan,normal,0,0,0,dev
Japan_008942.jpg,Japan,normal,1,4,0,test
Japan_008951.jpg,Japan,normal,1,1,2,dev
Japan_008998.jpg,Japan,normal,1,1,0,test
Japan_009054.jpg,Japan,normal,1,1,1,dev
Japan_009124.jpg,Japan,normal,1,5,0,test
Japan_009301.jpg,Japan,local_illumination,1,2,0,dev
Japan_009325.jpg,Japan,normal,1,1,0,dev
Japan_009345.jpg,Japan,blur,1,1,1,dev
Japan_009384.jpg,Japan,normal,0,0,0,dev
Japan_009404.jpg,Japan,normal,1,2,0,dev
Japan_009408.jpg,Japan,normal,1,1,0,dev
Japan_009521.jpg,Japan,normal,1,1,3,dev
Japan_009565.jpg,Japan,normal,1,1,1,dev
Japan_009660.jpg,Japan,blur,1,3,0,dev
Japan_009738.jpg,Japan,normal,1,2,0,dev
Japan_009798.jpg,Japan,normal,1,4,0,test
Japan_009814.jpg,Japan,normal,0,0,0,dev
Japan_009824.jpg,Japan,normal,1,1,0,test
Japan_009892.jpg,Japan,local_illumination,0,0,0,dev
Japan_009896.jpg,Japan,normal,1,2,0,dev
Japan_010021.jpg,Japan,normal,1,1,0,dev
Japan_010051.jpg,Japan,local_illumination,1,2,0,dev
Japan_010121.jpg,Japan,blur,1,6,0,test
Japan_010138.jpg,Japan,normal,1,5,0,dev
Japan_010255.jpg,Japan,normal,1,2,0,dev
Japan_010371.jpg,Japan,normal,1,1,0,dev
Japan_010373.jpg,Japan,normal,1,1,0,dev
Japan_010377.jpg,Japan,normal,0,0,0,dev
Japan_010451.jpg,Japan,normal,1,3,0,dev
Japan_010568.jpg,Japan,normal,1,6,0,dev
Japan_010611.jpg,Japan,normal,1,0,1,dev
Japan_010662.jpg,Japan,normal,1,1,0,dev
Japan_010733.jpg,Japan,normal,1,2,0,dev
Japan_010769.jpg,Japan,normal,1,1,1,dev
Japan_010837.jpg,Japan,normal,1,8,0,dev
Japan_010946.jpg,Japan,normal,1,1,0,dev
Japan_010974.jpg,Japan,normal,1,1,0,test
Japan_010985.jpg,Japan,normal,0,0,0,dev
Japan_011115.jpg,Japan,normal,0,0,0,test
Japan_011120.jpg,Japan,normal,0,0,0,dev
Japan_011152.jpg,Japan,normal,1,2,0,dev
Japan_011279.jpg,Japan,normal,1,4,1,dev
Japan_011306.jpg,Japan,normal,1,1,0,dev
Japan_011316.jpg,Japan,normal,0,0,0,dev
Japan_011346.jpg,Japan,normal,1,3,1,dev
Japan_011386.jpg,Japan,normal,0,0,0,dev
Japan_011439.jpg,Japan,blur,1,2,0,dev
Japan_011576.jpg,Japan,normal,1,1,0,dev
Japan_011645.jpg,Japan,normal,1,1,0,dev
Japan_011682.jpg,Japan,normal,0,0,0,dev
Japan_011733.jpg,Japan,normal,1,2,0,dev
Japan_011838.jpg,Japan,normal,1,5,0,dev
Japan_011891.jpg,Japan,normal,1,1,0,dev
Japan_011895.jpg,Japan,normal,1,2,1,test
Japan_011914.jpg,Japan,normal,1,3,0,dev
Japan_011936.jpg,Japan,normal,0,0,0,test
Japan_011939.jpg,Japan,normal,1,2,0,dev
Japan_011972.jpg,Japan,normal,0,0,0,dev
Japan_012029.jpg,Japan,normal,1,2,0,test
Japan_012049.jpg,Japan,blur,1,5,0,test
Japan_012054.jpg,Japan,normal,0,0,0,test
Japan_012089.jpg,Japan,normal,1,1,0,test
Japan_012234.jpg,Japan,normal,0,0,0,dev
Japan_012332.jpg,Japan,blur,1,5,0,dev
Japan_012354.jpg,Japan,normal,1,3,0,dev
Japan_012357.jpg,Japan,normal,1,6,0,test
Japan_012389.jpg,Japan,local_illumination,1,3,0,test
Japan_012453.jpg,Japan,normal,1,1,0,dev
Japan_012477.jpg,Japan,normal,1,1,0,dev
Japan_012521.jpg,Japan,normal,1,3,1,test
Japan_012546.jpg,Japan,normal,1,2,1,test
Japan_012651.jpg,Japan,normal,0,0,0,test
Japan_012735.jpg,Japan,normal,1,3,0,dev
Japan_012794.jpg,Japan,normal,1,1,0,dev
Japan_012797.jpg,Japan,normal,1,1,0,dev
Japan_012874.jpg,Japan,normal,0,0,0,dev
Japan_013032.jpg,Japan,normal,1,0,1,dev
Japan_013066.jpg,Japan,normal,0,0,0,test
Norway_000024.jpg,Norway,local_illumination,1,6,0,dev
Norway_000056.jpg,Norway,normal,0,0,0,test
Norway_000169.jpg,Norway,normal,0,0,0,dev
Norway_000215.jpg,Norway,normal,1,1,0,dev
Norway_000260.jpg,Norway,normal,0,0,0,test
Norway_000277.jpg,Norway,normal,0,0,0,dev
Norway_000293.jpg,Norway,normal,1,1,0,dev
Norway_000299.jpg,Norway,normal,1,25,0,test
Norway_000380.jpg,Norway,normal,0,0,0,dev
Norway_000456.jpg,Norway,normal,0,0,0,dev
Norway_000492.jpg,Norway,normal,0,0,0,test
Norway_000659.jpg,Norway,normal,0,0,0,test
Norway_000673.jpg,Norway,normal,0,0,0,test
Norway_000706.jpg,Norway,local_illumination,0,0,0,test
Norway_000721.jpg,Norway,normal,1,3,0,test
Norway_000803.jpg,Norway,normal,1,1,0,dev
Norway_000891.jpg,Norway,normal,1,5,0,dev
Norway_001120.jpg,Norway,normal,1,1,0,dev
Norway_001144.jpg,Norway,normal,0,0,0,test
Norway_001198.jpg,Norway,normal,0,0,0,test
Norway_001248.jpg,Norway,local_illumination,1,2,0,dev
Norway_001268.jpg,Norway,local_illumination,0,0,0,dev
Norway_001305.jpg,Norway,normal,0,0,0,dev
Norway_001322.jpg,Norway,normal,0,0,0,test
Norway_001361.jpg,Norway,normal,0,0,0,test
Norway_001378.jpg,Norway,normal,1,2,0,dev
Norway_001386.jpg,Norway,normal,0,0,0,dev
Norway_001492.jpg,Norway,normal,0,0,0,dev
Norway_001508.jpg,Norway,normal,0,0,0,test
Norway_001619.jpg,Norway,local_illumination,1,2,0,dev
Norway_001703.jpg,Norway,normal,1,1,0,test
Norway_001728.jpg,Norway,normal,0,0,0,dev
Norway_001853.jpg,Norway,normal,0,0,0,dev
Norway_001876.jpg,Norway,local_illumination,0,0,0,dev
Norway_002026.jpg,Norway,normal,0,0,0,dev
Norway_002042.jpg,Norway,normal,0,0,0,dev
Norway_002098.jpg,Norway,normal,0,0,0,dev
Norway_002267.jpg,Norway,local_illumination,0,0,0,dev
Norway_002296.jpg,Norway,normal,0,0,0,dev
Norway_002305.jpg,Norway,normal,0,0,0,dev
Norway_002336.jpg,Norway,normal,0,0,0,dev
Norway_002337.jpg,Norway,normal,0,0,0,dev
Norway_002340.jpg,Norway,normal,0,0,0,test
Norway_002351.jpg,Norway,normal,0,0,0,test
Norway_002353.jpg,Norway,normal,1,1,0,dev
Norway_002475.jpg,Norway,normal,0,0,0,dev
Norway_002490.jpg,Norway,normal,0,0,0,dev
Norway_002523.jpg,Norway,normal,0,0,0,test
Norway_002528.jpg,Norway,normal,0,0,0,dev
Norway_002624.jpg,Norway,local_illumination,1,1,0,test
Norway_002710.jpg,Norway,normal,0,0,0,test
Norway_002735.jpg,Norway,local_illumination,1,2,0,test
Norway_002779.jpg,Norway,normal,0,0,0,dev
Norway_002825.jpg,Norway,normal,0,0,0,dev
Norway_002844.jpg,Norway,normal,1,4,0,test
Norway_002861.jpg,Norway,normal,1,3,0,dev
Norway_002879.jpg,Norway,normal,0,0,0,dev
Norway_002906.jpg,Norway,normal,0,0,0,dev
Norway_002912.jpg,Norway,normal,0,0,0,test
Norway_003003.jpg,Norway,normal,0,0,0,dev
Norway_003021.jpg,Norway,normal,0,0,0,dev
Norway_003045.jpg,Norway,normal,0,0,0,test
Norway_003080.jpg,Norway,normal,1,1,0,dev
Norway_003123.jpg,Norway,normal,0,0,0,dev
Norway_003138.jpg,Norway,normal,1,2,0,dev
Norway_003207.jpg,Norway,normal,1,2,0,test
Norway_003314.jpg,Norway,normal,0,0,0,dev
Norway_003389.jpg,Norway,normal,0,0,0,dev
Norway_003397.jpg,Norway,normal,0,0,0,dev
Norway_003517.jpg,Norway,normal,0,0,0,test
Norway_003604.jpg,Norway,normal,0,0,0,dev
Norway_003723.jpg,Norway,local_illumination,1,1,0,dev
Norway_003728.jpg,Norway,normal,0,0,0,test
Norway_003860.jpg,Norway,normal,1,3,0,test
Norway_003879.jpg,Norway,normal,0,0,0,dev
Norway_003885.jpg,Norway,normal,1,4,0,test
Norway_003910.jpg,Norway,normal,1,5,0,test
Norway_003951.jpg,Norway,local_illumination,0,0,0,dev
Norway_003995.jpg,Norway,local_illumination,0,0,0,dev
Norway_004026.jpg,Norway,normal,0,0,0,dev
Norway_004068.jpg,Norway,normal,0,0,0,test
Norway_004195.jpg,Norway,normal,0,0,0,dev
Norway_004213.jpg,Norway,normal,0,0,0,dev
Norway_004269.jpg,Norway,local_illumination,0,0,0,dev
Norway_004326.jpg,Norway,normal,1,4,0,test
Norway_004384.jpg,Norway,normal,0,0,0,dev
Norway_004485.jpg,Norway,normal,1,4,0,dev
Norway_004614.jpg,Norway,normal,1,2,0,dev
Norway_004629.jpg,Norway,normal,0,0,0,dev
Norway_004689.jpg,Norway,normal,0,0,0,test
Norway_004714.jpg,Norway,normal,0,0,0,dev
Norway_004719.jpg,Norway,normal,0,0,0,test
Norway_004748.jpg,Norway,normal,0,0,0,dev
Norway_004761.jpg,Norway,normal,1,4,0,dev
Norway_004790.jpg,Norway,normal,0,0,0,dev
Norway_004862.jpg,Norway,normal,0,0,0,dev
Norway_004914.jpg,Norway,normal,0,0,0,test
Norway_005086.jpg,Norway,normal,1,6,0,dev
Norway_005105.jpg,Norway,normal,1,4,0,dev
Norway_005163.jpg,Norway,normal,0,0,0,dev
Norway_005169.jpg,Norway,normal,0,0,0,test
Norway_005261.jpg,Norway,normal,0,0,0,dev
Norway_005271.jpg,Norway,normal,0,0,0,dev
Norway_005280.jpg,Norway,local_illumination,0,0,0,dev
Norway_005426.jpg,Norway,normal,1,1,0,dev
Norway_005521.jpg,Norway,normal,0,0,0,dev
Norway_005534.jpg,Norway,normal,0,0,0,dev
Norway_005606.jpg,Norway,normal,0,0,0,dev
Norway_005627.jpg,Norway,normal,0,0,0,dev
Norway_005688.jpg,Norway,normal,0,0,0,test
Norway_005704.jpg,Norway,local_illumination,1,3,0,dev
Norway_005741.jpg,Norway,local_illumination,0,0,0,dev
Norway_005743.jpg,Norway,normal,1,4,0,dev
Norway_005753.jpg,Norway,normal,0,0,0,test
Norway_005762.jpg,Norway,normal,0,0,0,dev
Norway_005795.jpg,Norway,normal,1,2,0,dev
Norway_005827.jpg,Norway,local_illumination,1,2,0,dev
Norway_005847.jpg,Norway,normal,0,0,0,dev
Norway_005887.jpg,Norway,normal,0,0,0,dev
Norway_005944.jpg,Norway,normal,0,0,0,test
Norway_005947.jpg,Norway,normal,0,0,0,dev
Norway_006027.jpg,Norway,local_illumination,1,4,0,test
Norway_006125.jpg,Norway,normal,0,0,0,dev
Norway_006171.jpg,Norway,normal,0,0,0,dev
Norway_006219.jpg,Norway,normal,1,5,0,dev
Norway_006259.jpg,Norway,local_illumination,0,0,0,test
Norway_006260.jpg,Norway,normal,0,0,0,test
Norway_006346.jpg,Norway,normal,1,3,0,test
Norway_006350.jpg,Norway,normal,0,0,0,test
Norway_006357.jpg,Norway,local_illumination,1,1,0,dev
Norway_006388.jpg,Norway,normal,0,0,0,dev
Norway_006456.jpg,Norway,normal,0,0,0,dev
Norway_006458.jpg,Norway,local_illumination,0,0,0,test
Norway_006502.jpg,Norway,normal,0,0,0,dev
Norway_006525.jpg,Norway,normal,0,0,0,dev
Norway_006530.jpg,Norway,normal,0,0,0,test
Norway_006587.jpg,Norway,normal,1,1,0,dev
Norway_006649.jpg,Norway,normal,0,0,0,test
Norway_006694.jpg,Norway,normal,0,0,0,dev
Norway_006711.jpg,Norway,normal,1,8,0,test
Norway_006734.jpg,Norway,normal,0,0,0,dev
Norway_006806.jpg,Norway,normal,1,10,0,dev
Norway_006826.jpg,Norway,normal,1,2,0,dev
Norway_006834.jpg,Norway,normal,0,0,0,test
Norway_006843.jpg,Norway,normal,0,0,0,dev
Norway_006846.jpg,Norway,normal,0,0,0,dev
Norway_006872.jpg,Norway,normal,0,0,0,dev
Norway_007020.jpg,Norway,normal,0,0,0,dev
Norway_007088.jpg,Norway,normal,0,0,0,dev
Norway_007109.jpg,Norway,normal,0,0,0,test
Norway_007170.jpg,Norway,normal,1,1,0,dev
Norway_007175.jpg,Norway,normal,1,6,0,test
Norway_007239.jpg,Norway,normal,1,1,0,dev
Norway_007321.jpg,Norway,normal,0,0,0,dev
Norway_007371.jpg,Norway,normal,0,0,0,dev
Norway_007373.jpg,Norway,local_illumination,0,0,0,dev
Norway_007444.jpg,Norway,local_illumination,0,0,0,test
Norway_007511.jpg,Norway,normal,0,0,0,dev
Norway_007514.jpg,Norway,normal,0,0,0,dev
Norway_007575.jpg,Norway,local_illumination,0,0,0,dev
Norway_007583.jpg,Norway,normal,0,0,0,dev
Norway_007693.jpg,Norway,normal,0,0,0,dev
Norway_007796.jpg,Norway,normal,1,1,0,dev
Norway_007802.jpg,Norway,normal,1,7,5,dev
Norway_007811.jpg,Norway,normal,1,7,0,dev
Norway_007954.jpg,Norway,normal,1,1,0,test
Norway_007966.jpg,Norway,normal,1,1,0,dev
Norway_007970.jpg,Norway,normal,1,1,2,dev
Norway_008009.jpg,Norway,normal,0,0,0,dev
Norway_008021.jpg,Norway,normal,0,0,0,dev
Norway_008034.jpg,Norway,normal,0,0,0,dev
Norway_008081.jpg,Norway,normal,0,0,0,dev
Norway_008127.jpg,Norway,normal,0,0,0,dev
Norway_008137.jpg,Norway,normal,1,2,1,dev
Norway_008146.jpg,Norway,normal,1,1,0,test
United_States_000020.jpg,United_States,normal,1,4,0,dev
United_States_000238.jpg,United_States,normal,1,3,0,test
United_States_000245.jpg,United_States,normal,1,1,0,test
United_States_000269.jpg,United_States,local_illumination,1,3,0,dev
United_States_000322.jpg,United_States,normal,1,2,0,dev
United_States_000389.jpg,United_States,normal,1,2,0,dev
United_States_000397.jpg,United_States,normal,1,1,0,dev
United_States_000426.jpg,United_States,normal,1,2,0,test
United_States_000443.jpg,United_States,normal,1,2,0,test
United_States_000476.jpg,United_States,normal,1,3,0,dev
United_States_000509.jpg,United_States,normal,1,1,0,dev
United_States_000534.jpg,United_States,normal,1,7,0,test
United_States_000543.jpg,United_States,normal,1,2,0,dev
United_States_000549.jpg,United_States,normal,1,2,0,test
United_States_000691.jpg,United_States,normal,1,3,0,dev
United_States_000700.jpg,United_States,normal,1,3,0,test
United_States_000753.jpg,United_States,normal,1,2,0,dev
United_States_000766.jpg,United_States,normal,1,2,0,dev
United_States_000805.jpg,United_States,normal,1,3,0,test
United_States_000827.jpg,United_States,normal,1,2,0,dev
United_States_000856.jpg,United_States,normal,1,2,0,dev
United_States_000911.jpg,United_States,local_illumination,1,1,0,dev
United_States_000936.jpg,United_States,normal,1,1,0,dev
United_States_000983.jpg,United_States,normal,1,2,0,dev
United_States_001031.jpg,United_States,normal,1,1,0,test
United_States_001052.jpg,United_States,normal,1,1,0,dev
United_States_001101.jpg,United_States,normal,1,2,0,dev
United_States_001162.jpg,United_States,normal,1,2,0,dev
United_States_001303.jpg,United_States,normal,1,2,0,dev
United_States_001314.jpg,United_States,normal,1,4,0,dev
United_States_001356.jpg,United_States,normal,1,5,0,dev
United_States_001370.jpg,United_States,local_illumination,1,4,0,dev
United_States_001483.jpg,United_States,normal,1,3,0,test
United_States_001491.jpg,United_States,normal,1,4,0,test
United_States_001554.jpg,United_States,normal,1,5,0,test
United_States_001636.jpg,United_States,normal,1,3,0,dev
United_States_001705.jpg,United_States,normal,1,4,0,dev
United_States_001710.jpg,United_States,normal,1,1,0,dev
United_States_001733.jpg,United_States,normal,1,1,0,dev
United_States_001783.jpg,United_States,normal,1,3,0,test
United_States_001813.jpg,United_States,normal,1,1,1,dev
United_States_001844.jpg,United_States,normal,1,1,0,dev
United_States_001908.jpg,United_States,normal,1,2,0,dev
United_States_002000.jpg,United_States,normal,1,2,0,dev
United_States_002110.jpg,United_States,normal,1,1,0,dev
United_States_002141.jpg,United_States,normal,1,2,0,dev
United_States_002171.jpg,United_States,normal,1,3,0,dev
United_States_002172.jpg,United_States,normal,1,1,0,dev
United_States_002213.jpg,United_States,normal,1,3,0,dev
United_States_002238.jpg,United_States,normal,1,2,0,dev
United_States_002312.jpg,United_States,normal,1,2,0,test
United_States_002403.jpg,United_States,normal,1,3,0,dev
United_States_002425.jpg,United_States,normal,1,3,0,dev
United_States_002581.jpg,United_States,normal,1,1,0,dev
United_States_002754.jpg,United_States,normal,1,4,0,dev
United_States_002852.jpg,United_States,normal,1,2,0,dev
United_States_002884.jpg,United_States,normal,1,3,1,test
United_States_002923.jpg,United_States,normal,1,2,0,dev
United_States_002929.jpg,United_States,normal,1,2,0,dev
United_States_002954.jpg,United_States,normal,1,4,0,dev
United_States_002982.jpg,United_States,normal,1,3,0,test
United_States_003011.jpg,United_States,normal,1,4,0,dev
United_States_003069.jpg,United_States,local_illumination,1,2,0,test
United_States_003081.jpg,United_States,normal,1,2,0,test
United_States_003161.jpg,United_States,normal,1,4,0,test
United_States_003187.jpg,United_States,normal,1,2,0,test
United_States_003221.jpg,United_States,normal,1,4,0,dev
United_States_003290.jpg,United_States,local_illumination,1,1,0,dev
United_States_003320.jpg,United_States,normal,1,6,0,dev
United_States_003339.jpg,United_States,normal,1,4,0,test
United_States_003439.jpg,United_States,normal,1,2,0,test
United_States_003541.jpg,United_States,normal,1,1,0,dev
United_States_003579.jpg,United_States,normal,1,4,0,dev
United_States_003587.jpg,United_States,normal,1,2,0,dev
United_States_003632.jpg,United_States,normal,1,1,0,dev
United_States_003642.jpg,United_States,normal,1,5,0,dev
United_States_003687.jpg,United_States,normal,1,1,0,dev
United_States_003742.jpg,United_States,normal,1,3,0,test
United_States_003773.jpg,United_States,normal,1,1,0,dev
United_States_003850.jpg,United_States,normal,1,1,0,test
United_States_003894.jpg,United_States,normal,1,1,0,test
United_States_003926.jpg,United_States,normal,1,4,0,dev
United_States_003996.jpg,United_States,normal,1,2,0,dev
United_States_004011.jpg,United_States,normal,1,2,0,dev
United_States_004028.jpg,United_States,normal,1,7,0,dev
United_States_004097.jpg,United_States,normal,1,6,1,test
United_States_004292.jpg,United_States,normal,1,1,0,test
United_States_004353.jpg,United_States,normal,1,1,0,dev
United_States_004444.jpg,United_States,normal,1,1,0,dev
United_States_004463.jpg,United_States,normal,1,3,0,dev
United_States_004538.jpg,United_States,normal,1,2,0,test
United_States_004555.jpg,United_States,normal,1,3,0,dev
United_States_004573.jpg,United_States,normal,1,5,0,dev
United_States_004725.jpg,United_States,normal,1,3,0,dev
United_States_004780.jpg,United_States,normal,1,3,0,dev
