image,viewpoint,note
China_Drone_000035.jpg,road_full,드론
China_Drone_000041.jpg,road_full,드론
China_Drone_000209.jpg,road_full,드론
China_Drone_000211.jpg,road_full,드론
China_Drone_000228.jpg,road_full,드론
China_Drone_000230.jpg,road_full,드론
China_Drone_000297.jpg,road_full,드론
China_Drone_000308.jpg,road_full,드론
China_Drone_000327.jpg,road_full,드론
China_Drone_000350.jpg,road_full,드론
China_Drone_000474.jpg,road_full,드론
China_Drone_000525.jpg,road_full,드론
China_Drone_000590.jpg,road_full,드론
China_Drone_000680.jpg,road_full,드론
China_Drone_000692.jpg,road_full,드론
China_Drone_000701.jpg,road_full,드론
China_Drone_000723.jpg,road_full,드론
China_Drone_000743.jpg,road_full,드론
China_Drone_000785.jpg,road_full,드론
China_Drone_000790.jpg,road_full,드론
China_Drone_000823.jpg,road_full,드론
China_Drone_000826.jpg,road_full,드론
China_Drone_000923.jpg,road_full,드론
China_Drone_001040.jpg,road_full,드론
China_Drone_001041.jpg,road_full,드론
China_Drone_001057.jpg,road_full,드론
China_Drone_001198.jpg,road_full,드론
China_Drone_001327.jpg,road_full,드론
China_Drone_001368.jpg,road_full,드론
China_Drone_001406.jpg,road_full,드론
China_Drone_001473.jpg,road_full,드론
China_Drone_001501.jpg,road_full,드론
China_Drone_001560.jpg,road_full,드론
China_Drone_001615.jpg,road_full,드론
China_Drone_001669.jpg,road_full,드론
China_Drone_001708.jpg,road_full,드론
China_Drone_001824.jpg,road_full,드론
China_Drone_001846.jpg,road_full,드론
China_Drone_001888.jpg,road_full,드론
China_Drone_001958.jpg,road_full,드론
China_Drone_002093.jpg,road_full,드론
China_Drone_002097.jpg,road_full,드론
China_Drone_002278.jpg,road_full,드론
China_MotorBike_000017.jpg,road_full,오토바이 근접
China_MotorBike_000067.jpg,road_full,오토바이 근접
China_MotorBike_000083.jpg,road_full,오토바이 근접
China_MotorBike_000094.jpg,road_full,오토바이 근접
China_MotorBike_000129.jpg,road_full,오토바이 근접
China_MotorBike_000172.jpg,road_full,오토바이 근접
China_MotorBike_000239.jpg,road_full,오토바이 근접
China_MotorBike_000250.jpg,road_full,오토바이 근접
China_MotorBike_000255.jpg,road_full,오토바이 근접
China_MotorBike_000265.jpg,road_full,오토바이 근접
China_MotorBike_000323.jpg,road_full,오토바이 근접
China_MotorBike_000480.jpg,road_full,오토바이 근접
China_MotorBike_000541.jpg,road_full,오토바이 근접
China_MotorBike_000549.jpg,road_full,오토바이 근접
China_MotorBike_000553.jpg,road_full,오토바이 근접
China_MotorBike_000567.jpg,road_full,오토바이 근접
China_MotorBike_000600.jpg,road_full,오토바이 근접
China_MotorBike_000607.jpg,road_full,오토바이 근접
China_MotorBike_000647.jpg,road_full,오토바이 근접
China_MotorBike_000658.jpg,road_full,오토바이 근접
China_MotorBike_000675.jpg,road_full,오토바이 근접
China_MotorBike_000721.jpg,road_full,오토바이 근접
China_MotorBike_000788.jpg,road_full,오토바이 근접
China_MotorBike_000794.jpg,road_full,오토바이 근접
China_MotorBike_000815.jpg,road_full,오토바이 근접
China_MotorBike_000824.jpg,road_full,오토바이 근접
China_MotorBike_000853.jpg,road_full,오토바이 근접
China_MotorBike_000855.jpg,road_full,오토바이 근접
China_MotorBike_000866.jpg,road_full,오토바이 근접
China_MotorBike_001014.jpg,road_full,오토바이 근접
China_MotorBike_001025.jpg,road_full,오토바이 근접
China_MotorBike_001096.jpg,road_full,오토바이 근접
China_MotorBike_001241.jpg,road_full,오토바이 근접
China_MotorBike_001246.jpg,road_full,오토바이 근접
China_MotorBike_001259.jpg,road_full,오토바이 근접
China_MotorBike_001277.jpg,road_full,오토바이 근접
China_MotorBike_001339.jpg,road_full,오토바이 근접
China_MotorBike_001361.jpg,road_full,오토바이 근접
China_MotorBike_001497.jpg,road_full,오토바이 근접
China_MotorBike_001558.jpg,ambiguous,상단 띠에 울타리·건물 조금
China_MotorBike_001559.jpg,road_full,오토바이 근접
China_MotorBike_001620.jpg,road_full,오토바이 근접
China_MotorBike_001662.jpg,road_full,오토바이 근접
China_MotorBike_001794.jpg,road_full,오토바이 근접
China_MotorBike_001814.jpg,road_full,오토바이 근접
China_MotorBike_001920.jpg,road_full,오토바이 근접
Czech_000429.jpg,far,
Czech_000617.jpg,far,
Czech_000694.jpg,far,
Czech_000776.jpg,far,
Czech_000947.jpg,far,
Czech_001065.jpg,far,
Czech_001106.jpg,far,
Czech_001247.jpg,far,
Czech_001327.jpg,far,
Czech_001517.jpg,far,
Czech_001579.jpg,far,
Czech_001730.jpg,far,
Czech_001786.jpg,far,
Czech_001998.jpg,far,
Czech_002013.jpg,far,
Czech_002117.jpg,far,
Czech_002121.jpg,far,
Czech_002142.jpg,far,
Czech_002332.jpg,far,
Czech_002411.jpg,far,
Czech_002454.jpg,far,
Czech_002472.jpg,far,
Czech_002476.jpg,far,
Czech_002670.jpg,far,
Czech_002697.jpg,far,
Czech_002706.jpg,far,
Czech_002732.jpg,far,
Czech_002738.jpg,far,
Czech_002769.jpg,far,
Czech_002783.jpg,far,
Czech_002786.jpg,far,
Czech_003144.jpg,far,
Czech_003262.jpg,far,
Czech_003285.jpg,far,
Czech_003345.jpg,far,
Czech_003360.jpg,far,
Czech_003376.jpg,far,
Czech_003391.jpg,far,
Czech_003438.jpg,far,
Czech_003494.jpg,far,
Czech_003498.jpg,far,
Czech_003500.jpg,far,
India_000047.jpg,far,
India_000317.jpg,far,
India_000376.jpg,far,
India_000606.jpg,far,
India_000618.jpg,far,
India_000806.jpg,far,
India_000851.jpg,far,
India_000913.jpg,far,
India_000919.jpg,far,
India_000922.jpg,far,
India_000997.jpg,far,
India_001037.jpg,far,
India_001380.jpg,far,
India_001400.jpg,far,
India_001497.jpg,far,
India_001517.jpg,far,
India_001599.jpg,far,
India_001604.jpg,far,
India_001609.jpg,far,
India_001633.jpg,far,
India_001702.jpg,far,
India_001735.jpg,far,
India_001767.jpg,far,
India_001785.jpg,far,
India_001820.jpg,far,
India_001936.jpg,far,
India_001939.jpg,far,
India_001962.jpg,far,
India_002022.jpg,far,
India_002028.jpg,far,
India_002085.jpg,far,
India_002128.jpg,far,
India_002135.jpg,far,
India_002143.jpg,far,
India_002211.jpg,far,
India_002288.jpg,far,
India_002320.jpg,far,
India_002387.jpg,far,
India_002504.jpg,far,
India_002554.jpg,far,
India_002590.jpg,far,
India_002610.jpg,far,
India_002614.jpg,far,
India_002618.jpg,far,
India_002662.jpg,far,
India_002678.jpg,far,
India_002750.jpg,far,
India_002798.jpg,far,
India_002825.jpg,far,
India_002860.jpg,far,
India_002875.jpg,far,
India_003021.jpg,far,
India_003074.jpg,far,
India_003094.jpg,far,
India_003130.jpg,far,
India_003161.jpg,far,
India_003265.jpg,far,
India_003289.jpg,far,
India_003338.jpg,far,
India_003430.jpg,far,
India_003575.jpg,far,
India_003577.jpg,far,
India_003589.jpg,far,
India_003595.jpg,far,
India_003672.jpg,far,
India_003674.jpg,far,
India_003738.jpg,far,
India_003741.jpg,far,
India_003758.jpg,far,
India_003806.jpg,far,
India_003811.jpg,far,
India_003822.jpg,far,
India_003831.jpg,far,
India_003866.jpg,far,
India_003937.jpg,far,
India_003949.jpg,far,
India_003959.jpg,far,
India_003975.jpg,far,
India_004015.jpg,far,
India_004035.jpg,far,
India_004051.jpg,far,
India_004091.jpg,far,
India_004155.jpg,far,
India_004193.jpg,far,
India_004231.jpg,far,
India_004279.jpg,far,
India_004375.jpg,far,
India_004425.jpg,far,
India_004431.jpg,far,
India_004437.jpg,far,
India_004530.jpg,far,
India_004556.jpg,far,
India_004571.jpg,far,
India_004742.jpg,far,
India_004764.jpg,far,
India_004913.jpg,far,
India_004920.jpg,far,
India_005058.jpg,far,
India_005080.jpg,far,
India_005087.jpg,far,
India_005296.jpg,far,
India_005308.jpg,far,
India_005318.jpg,far,
India_005618.jpg,far,
India_005659.jpg,far,
India_005676.jpg,far,
India_005729.jpg,far,
India_005742.jpg,far,
India_005902.jpg,far,
India_006079.jpg,far,
India_006091.jpg,far,
India_006238.jpg,far,
India_006295.jpg,far,
India_006357.jpg,far,
India_006600.jpg,far,
India_006645.jpg,far,
India_006663.jpg,far,
India_006808.jpg,far,
India_006845.jpg,far,
India_006896.jpg,far,
India_006909.jpg,far,
India_006919.jpg,far,
India_007007.jpg,far,
India_007013.jpg,far,
India_007135.jpg,far,
India_007171.jpg,far,
India_007220.jpg,far,
India_007377.jpg,far,
India_007404.jpg,far,
India_007407.jpg,far,
India_007416.jpg,far,
India_007423.jpg,far,
India_007451.jpg,far,
India_007497.jpg,far,
India_007612.jpg,far,
India_007613.jpg,far,
India_007702.jpg,far,
India_007947.jpg,far,
India_007955.jpg,far,
India_007978.jpg,far,
India_008126.jpg,far,
India_008129.jpg,far,
India_008189.jpg,far,
India_008227.jpg,far,
India_008238.jpg,far,
India_008296.jpg,far,
India_008301.jpg,far,
India_008385.jpg,far,
India_008627.jpg,far,
India_008631.jpg,far,
India_008702.jpg,far,
India_008720.jpg,far,
India_008762.jpg,far,
India_008802.jpg,far,
India_008847.jpg,far,
India_008852.jpg,far,
India_008986.jpg,far,
India_009057.jpg,far,
India_009071.jpg,far,
India_009143.jpg,far,
India_009282.jpg,far,
India_009476.jpg,far,
India_009660.jpg,far,
India_009796.jpg,far,
India_009799.jpg,far,
India_009838.jpg,far,
India_009880.jpg,far,
Japan_000015.jpg,far,
Japan_000079.jpg,road_full,근접·하향 (와이퍼/보닛 포함 다수)
Japan_000081.jpg,far,
Japan_000092.jpg,far,
Japan_000110.jpg,far,
Japan_000121.jpg,far,
Japan_000130.jpg,far,
Japan_000238.jpg,far,
Japan_000253.jpg,far,
Japan_000318.jpg,far,
Japan_000361.jpg,far,
Japan_000376.jpg,ambiguous,상단 얇은 띠에 차
Japan_000400.jpg,ambiguous,상단 얇은 띠에 차
Japan_000404.jpg,far,
Japan_000407.jpg,far,
Japan_000474.jpg,far,
Japan_000509.jpg,far,
Japan_000602.jpg,far,
Japan_000611.jpg,far,
Japan_000643.jpg,far,
Japan_000852.jpg,road_full,근접·하향 (와이퍼/보닛 포함 다수)
Japan_000881.jpg,far,
Japan_000896.jpg,far,
Japan_001063.jpg,far,
Japan_001066.jpg,far,
Japan_001134.jpg,ambiguous,상단 얇은 띠에 집·횡단보도
Japan_001180.jpg,far,
Japan_001239.jpg,far,
Japan_001262.jpg,road_full,근접·하향 (와이퍼/보닛 포함 다수)
Japan_001282.jpg,far,
Japan_001625.jpg,far,
Japan_001665.jpg,far,
Japan_001690.jpg,far,
Japan_001713.jpg,far,
Japan_001738.jpg,far,
Japan_001806.jpg,far,
Japan_001855.jpg,far,
Japan_001874.jpg,far,
Japan_002104.jpg,far,
Japan_002128.jpg,far,
Japan_002195.jpg,ambiguous,상단에 가드레일·차
Japan_002225.jpg,road_full,근접·하향 (와이퍼/보닛 포함 다수)
Japan_002306.jpg,far,
Japan_002314.jpg,far,
Japan_002357.jpg,far,
Japan_002472.jpg,far,
Japan_002550.jpg,far,
Japan_002552.jpg,road_full,근접·하향 (와이퍼/보닛 포함 다수)
Japan_002560.jpg,far,
Japan_002561.jpg,far,
Japan_002601.jpg,far,
Japan_002845.jpg,far,
Japan_002863.jpg,far,
Japan_002871.jpg,far,
Japan_002889.jpg,far,
Japan_003021.jpg,far,
Japan_003057.jpg,far,
Japan_003139.jpg,far,
Japan_003155.jpg,far,
Japan_003194.jpg,far,
Japan_003244.jpg,far,
Japan_003271.jpg,far,
Japan_003429.jpg,far,
Japan_003487.jpg,far,
Japan_003537.jpg,far,
Japan_003631.jpg,road_full,근접·하향 (와이퍼/보닛 포함 다수)
Japan_003643.jpg,far,
Japan_003656.jpg,far,
Japan_003657.jpg,far,
Japan_003663.jpg,far,
Japan_003716.jpg,far,
Japan_003822.jpg,far,
Japan_003865.jpg,far,
Japan_003947.jpg,far,
Japan_004023.jpg,far,
Japan_004038.jpg,road_full,근접·하향 (와이퍼/보닛 포함 다수)
Japan_004104.jpg,far,
Japan_004183.jpg,far,
Japan_004219.jpg,far,
Japan_004346.jpg,far,
Japan_004351.jpg,far,
Japan_004405.jpg,far,
Japan_004447.jpg,far,
Japan_004501.jpg,far,
Japan_004567.jpg,far,
Japan_004597.jpg,far,
Japan_004614.jpg,far,
Japan_004621.jpg,ambiguous,상단에 집·차 조금
Japan_004634.jpg,far,
Japan_004650.jpg,far,
Japan_004741.jpg,far,
Japan_004774.jpg,far,
Japan_004778.jpg,far,
Japan_004820.jpg,far,
Japan_004914.jpg,far,
Japan_004928.jpg,far,
Japan_005050.jpg,far,
Japan_005054.jpg,road_full,근접·하향 (와이퍼/보닛 포함 다수)
Japan_005096.jpg,far,
Japan_005448.jpg,far,
Japan_005472.jpg,far,
Japan_005477.jpg,road_full,근접·하향 (와이퍼/보닛 포함 다수)
Japan_005515.jpg,road_full,근접·하향 (와이퍼/보닛 포함 다수)
Japan_005545.jpg,far,
Japan_005601.jpg,ambiguous,상단에 집·차 조금
Japan_005727.jpg,far,
Japan_005791.jpg,far,
Japan_005807.jpg,road_full,근접·하향 (와이퍼/보닛 포함 다수)
Japan_005850.jpg,far,
Japan_005972.jpg,far,
Japan_006040.jpg,far,
Japan_006087.jpg,far,
Japan_006206.jpg,far,
Japan_006267.jpg,road_full,근접·하향 (와이퍼/보닛 포함 다수)
Japan_006380.jpg,far,
Japan_006485.jpg,far,
Japan_006635.jpg,far,
Japan_006701.jpg,far,
Japan_006742.jpg,far,
Japan_006794.jpg,road_full,근접·하향 (와이퍼/보닛 포함 다수)
Japan_006839.jpg,road_full,근접·하향 (와이퍼/보닛 포함 다수)
Japan_006899.jpg,far,
Japan_006901.jpg,far,
Japan_006968.jpg,far,
Japan_007019.jpg,far,
Japan_007035.jpg,far,
Japan_007038.jpg,far,
Japan_007041.jpg,far,
Japan_007043.jpg,far,
Japan_007090.jpg,far,
Japan_007278.jpg,far,
Japan_007296.jpg,far,
Japan_007338.jpg,far,
Japan_007377.jpg,far,
Japan_007483.jpg,road_full,근접·하향 (와이퍼/보닛 포함 다수)
Japan_007527.jpg,far,
Japan_007536.jpg,far,
Japan_007557.jpg,far,
Japan_007751.jpg,far,
Japan_007992.jpg,road_full,근접·하향 (와이퍼/보닛 포함 다수)
Japan_008016.jpg,far,
Japan_008055.jpg,far,
Japan_008079.jpg,far,
Japan_008159.jpg,far,
Japan_008198.jpg,far,
Japan_008205.jpg,far,
Japan_008364.jpg,road_full,근접·하향 (와이퍼/보닛 포함 다수)
Japan_008380.jpg,road_full,근접·하향 (와이퍼/보닛 포함 다수)
Japan_008406.jpg,road_full,근접·하향 (와이퍼/보닛 포함 다수)
Japan_008413.jpg,ambiguous,상단에 건물·교차로
Japan_008495.jpg,far,
Japan_008542.jpg,far,
Japan_008561.jpg,far,
Japan_008627.jpg,far,
Japan_008749.jpg,far,
Japan_008884.jpg,far,
Japan_008887.jpg,far,
Japan_008916.jpg,far,
Japan_008942.jpg,road_full,근접·하향 (와이퍼/보닛 포함 다수)
Japan_008951.jpg,far,
Japan_008998.jpg,far,
Japan_009054.jpg,far,
Japan_009124.jpg,far,
Japan_009301.jpg,road_full,근접·하향 (와이퍼/보닛 포함 다수)
Japan_009325.jpg,far,
Japan_009345.jpg,far,
Japan_009384.jpg,far,
Japan_009404.jpg,road_full,근접·하향 (와이퍼/보닛 포함 다수)
Japan_009408.jpg,far,
Japan_009521.jpg,far,
Japan_009565.jpg,far,
Japan_009660.jpg,road_full,근접·하향 (와이퍼/보닛 포함 다수)
Japan_009738.jpg,far,
Japan_009798.jpg,far,
Japan_009814.jpg,far,
Japan_009824.jpg,far,
Japan_009892.jpg,far,
Japan_009896.jpg,far,
Japan_010021.jpg,far,
Japan_010051.jpg,far,
Japan_010121.jpg,road_full,근접·하향 (와이퍼/보닛 포함 다수)
Japan_010138.jpg,far,
Japan_010255.jpg,far,
Japan_010371.jpg,far,
Japan_010373.jpg,far,
Japan_010377.jpg,far,
Japan_010451.jpg,far,
Japan_010568.jpg,far,
Japan_010611.jpg,road_full,근접·하향 (와이퍼/보닛 포함 다수)
Japan_010662.jpg,far,
Japan_010733.jpg,far,
Japan_010769.jpg,far,
Japan_010837.jpg,far,
Japan_010946.jpg,far,
Japan_010974.jpg,far,
Japan_010985.jpg,far,
Japan_011115.jpg,far,
Japan_011120.jpg,far,
Japan_011152.jpg,far,
Japan_011279.jpg,far,
Japan_011306.jpg,far,
Japan_011316.jpg,far,
Japan_011346.jpg,far,
Japan_011386.jpg,far,
Japan_011439.jpg,road_full,근접·하향 (와이퍼/보닛 포함 다수)
Japan_011576.jpg,far,
Japan_011645.jpg,far,
Japan_011682.jpg,far,
Japan_011733.jpg,far,
Japan_011838.jpg,far,
Japan_011891.jpg,far,
Japan_011895.jpg,far,
Japan_011914.jpg,far,
Japan_011936.jpg,far,
Japan_011939.jpg,far,
Japan_011972.jpg,far,
Japan_012029.jpg,far,
Japan_012049.jpg,road_full,근접·하향 (와이퍼/보닛 포함 다수)
Japan_012054.jpg,far,
Japan_012089.jpg,far,
Japan_012234.jpg,far,
Japan_012332.jpg,far,
Japan_012354.jpg,far,
Japan_012357.jpg,far,
Japan_012389.jpg,far,
Japan_012453.jpg,road_full,근접·하향 (와이퍼/보닛 포함 다수)
Japan_012477.jpg,far,
Japan_012521.jpg,far,
Japan_012546.jpg,far,
Japan_012651.jpg,far,
Japan_012735.jpg,far,
Japan_012794.jpg,far,
Japan_012797.jpg,far,
Japan_012874.jpg,far,
Japan_013032.jpg,far,
Japan_013066.jpg,far,
Norway_000024.jpg,far,
Norway_000056.jpg,far,
Norway_000169.jpg,far,
Norway_000215.jpg,far,
Norway_000260.jpg,far,
Norway_000277.jpg,far,
Norway_000293.jpg,far,
Norway_000299.jpg,far,
Norway_000380.jpg,far,
Norway_000456.jpg,far,
Norway_000492.jpg,far,
Norway_000659.jpg,far,
Norway_000673.jpg,far,
Norway_000706.jpg,far,
Norway_000721.jpg,far,
Norway_000803.jpg,far,
Norway_000891.jpg,far,
Norway_001120.jpg,far,
Norway_001144.jpg,far,
Norway_001198.jpg,far,
Norway_001248.jpg,far,
Norway_001268.jpg,far,
Norway_001305.jpg,far,
Norway_001322.jpg,far,
Norway_001361.jpg,far,
Norway_001378.jpg,far,
Norway_001386.jpg,far,
Norway_001492.jpg,far,
Norway_001508.jpg,far,
Norway_001619.jpg,far,
Norway_001703.jpg,far,
Norway_001728.jpg,far,
Norway_001853.jpg,far,
Norway_001876.jpg,far,
Norway_002026.jpg,far,
Norway_002042.jpg,far,
Norway_002098.jpg,far,
Norway_002267.jpg,far,
Norway_002296.jpg,far,
Norway_002305.jpg,far,
Norway_002336.jpg,far,
Norway_002337.jpg,far,
Norway_002340.jpg,far,
Norway_002351.jpg,far,
Norway_002353.jpg,far,
Norway_002475.jpg,far,
Norway_002490.jpg,far,
Norway_002523.jpg,far,
Norway_002528.jpg,far,
Norway_002624.jpg,far,
Norway_002710.jpg,far,
Norway_002735.jpg,far,
Norway_002779.jpg,far,
Norway_002825.jpg,far,
Norway_002844.jpg,far,
Norway_002861.jpg,far,
Norway_002879.jpg,far,
Norway_002906.jpg,far,
Norway_002912.jpg,far,
Norway_003003.jpg,far,
Norway_003021.jpg,far,
Norway_003045.jpg,far,
Norway_003080.jpg,far,
Norway_003123.jpg,far,
Norway_003138.jpg,far,
Norway_003207.jpg,far,
Norway_003314.jpg,far,
Norway_003389.jpg,far,
Norway_003397.jpg,far,
Norway_003517.jpg,far,
Norway_003604.jpg,far,
Norway_003723.jpg,far,
Norway_003728.jpg,far,
Norway_003860.jpg,far,
Norway_003879.jpg,far,
Norway_003885.jpg,far,
Norway_003910.jpg,far,
Norway_003951.jpg,far,
Norway_003995.jpg,far,
Norway_004026.jpg,far,
Norway_004068.jpg,far,
Norway_004195.jpg,far,
Norway_004213.jpg,far,
Norway_004269.jpg,far,
Norway_004326.jpg,far,
Norway_004384.jpg,far,
Norway_004485.jpg,far,
Norway_004614.jpg,far,
Norway_004629.jpg,far,
Norway_004689.jpg,far,
Norway_004714.jpg,far,
Norway_004719.jpg,far,
Norway_004748.jpg,far,
Norway_004761.jpg,far,
Norway_004790.jpg,far,
Norway_004862.jpg,far,
Norway_004914.jpg,far,
Norway_005086.jpg,far,
Norway_005105.jpg,far,
Norway_005163.jpg,far,
Norway_005169.jpg,far,
Norway_005261.jpg,far,
Norway_005271.jpg,far,
Norway_005280.jpg,far,
Norway_005426.jpg,far,
Norway_005521.jpg,far,
Norway_005534.jpg,far,
Norway_005606.jpg,far,
Norway_005627.jpg,far,
Norway_005688.jpg,far,
Norway_005704.jpg,far,
Norway_005741.jpg,far,
Norway_005743.jpg,far,
Norway_005753.jpg,far,
Norway_005762.jpg,far,
Norway_005795.jpg,far,
Norway_005827.jpg,far,
Norway_005847.jpg,far,
Norway_005887.jpg,far,
Norway_005944.jpg,far,
Norway_005947.jpg,far,
Norway_006027.jpg,far,
Norway_006125.jpg,far,
Norway_006171.jpg,far,
Norway_006219.jpg,far,
Norway_006259.jpg,far,
Norway_006260.jpg,far,
Norway_006346.jpg,far,
Norway_006350.jpg,far,
Norway_006357.jpg,far,
Norway_006388.jpg,far,
Norway_006456.jpg,far,
Norway_006458.jpg,far,
Norway_006502.jpg,far,
Norway_006525.jpg,far,
Norway_006530.jpg,far,
Norway_006587.jpg,far,
Norway_006649.jpg,far,
Norway_006694.jpg,far,
Norway_006711.jpg,far,
Norway_006734.jpg,far,
Norway_006806.jpg,far,
Norway_006826.jpg,far,
Norway_006834.jpg,far,
Norway_006843.jpg,far,
Norway_006846.jpg,far,
Norway_006872.jpg,far,
Norway_007020.jpg,far,
Norway_007088.jpg,far,
Norway_007109.jpg,far,
Norway_007170.jpg,far,
Norway_007175.jpg,far,
Norway_007239.jpg,far,
Norway_007321.jpg,far,
Norway_007371.jpg,far,
Norway_007373.jpg,far,
Norway_007444.jpg,far,
Norway_007511.jpg,far,
Norway_007514.jpg,far,
Norway_007575.jpg,far,
Norway_007583.jpg,far,
Norway_007693.jpg,far,
Norway_007796.jpg,far,
Norway_007802.jpg,far,
Norway_007811.jpg,far,
Norway_007954.jpg,far,
Norway_007966.jpg,far,
Norway_007970.jpg,far,
Norway_008009.jpg,far,
Norway_008021.jpg,far,
Norway_008034.jpg,far,
Norway_008081.jpg,far,
Norway_008127.jpg,far,
Norway_008137.jpg,far,
Norway_008146.jpg,far,
United_States_000020.jpg,far,
United_States_000238.jpg,far,
United_States_000245.jpg,far,
United_States_000269.jpg,far,
United_States_000322.jpg,far,
United_States_000389.jpg,far,
United_States_000397.jpg,far,
United_States_000426.jpg,far,
United_States_000443.jpg,far,
United_States_000476.jpg,far,
United_States_000509.jpg,far,
United_States_000534.jpg,far,
United_States_000543.jpg,far,
United_States_000549.jpg,far,
United_States_000691.jpg,far,
United_States_000700.jpg,far,
United_States_000753.jpg,far,
United_States_000766.jpg,far,
United_States_000805.jpg,far,
United_States_000827.jpg,far,
United_States_000856.jpg,far,
United_States_000911.jpg,far,
United_States_000936.jpg,far,
United_States_000983.jpg,far,
United_States_001031.jpg,far,
United_States_001052.jpg,far,
United_States_001101.jpg,far,
United_States_001162.jpg,far,
United_States_001303.jpg,far,
United_States_001314.jpg,far,
United_States_001356.jpg,far,
United_States_001370.jpg,far,
United_States_001483.jpg,far,
United_States_001491.jpg,far,
United_States_001554.jpg,far,
United_States_001636.jpg,far,
United_States_001705.jpg,far,
United_States_001710.jpg,far,
United_States_001733.jpg,far,
United_States_001783.jpg,far,
United_States_001813.jpg,far,
United_States_001844.jpg,far,
United_States_001908.jpg,far,
United_States_002000.jpg,far,
United_States_002110.jpg,far,
United_States_002141.jpg,far,
United_States_002171.jpg,far,
United_States_002172.jpg,far,
United_States_002213.jpg,far,
United_States_002238.jpg,far,
United_States_002312.jpg,far,
United_States_002403.jpg,far,
United_States_002425.jpg,far,
United_States_002581.jpg,far,
United_States_002754.jpg,far,
United_States_002852.jpg,far,
United_States_002884.jpg,far,
United_States_002923.jpg,far,
United_States_002929.jpg,far,
United_States_002954.jpg,far,
United_States_002982.jpg,far,
United_States_003011.jpg,far,
United_States_003069.jpg,far,
United_States_003081.jpg,far,
United_States_003161.jpg,far,
United_States_003187.jpg,far,
United_States_003221.jpg,far,
United_States_003290.jpg,far,
United_States_003320.jpg,far,
United_States_003339.jpg,far,
United_States_003439.jpg,far,
United_States_003541.jpg,far,
United_States_003579.jpg,far,
United_States_003587.jpg,far,
United_States_003632.jpg,far,
United_States_003642.jpg,far,
United_States_003687.jpg,far,
United_States_003742.jpg,far,
United_States_003773.jpg,far,
United_States_003850.jpg,far,
United_States_003894.jpg,far,
United_States_003926.jpg,far,
United_States_003996.jpg,far,
United_States_004011.jpg,far,
United_States_004028.jpg,far,
United_States_004097.jpg,far,
United_States_004292.jpg,far,
United_States_004353.jpg,far,
United_States_004444.jpg,far,
United_States_004463.jpg,far,
United_States_004538.jpg,far,
United_States_004555.jpg,far,
United_States_004573.jpg,far,
United_States_004725.jpg,far,
United_States_004780.jpg,far,
